-- Suppression des anciens données dans les tables

SET FOREIGN_KEY_CHECKS = 0;

truncate table categorie_annonce;

truncate table message;

truncate table favoris;

truncate table categorie;

truncate table conversation;

truncate table annonce;

truncate table user;

SET FOREIGN_KEY_CHECKS = 1;


/*==============================================================*/
/* Table : user                                              	*/
/*==============================================================*/
insert into user (use_id, use_email, use_password)
values (1, 'jean@gmail.com', 'f6fdffe48c908deb0f4c3bd36c032e72');
insert into user (use_id, use_email, use_password)
values (2, 'christ@gmail.com', '21232f297a57a5a743894a0e4a801fc3');
insert into user (use_id, use_email, use_password)
values (3, 'peggy@gmail.com', '21232f297a57a5a743894a0e4a801fc3');
insert into user (use_id, use_email, use_password)
values (4, 'joanendg@gmail.com', '6dfed4000c9c7cd74e41f1fe79057230');

/*==============================================================*/
/* Table : annonce                                              */
/*==============================================================*/
insert into annonce (ann_id, use_id, ann_nom, ann_prix, ann_description, ann_photo, ann_nombre_consultation, ann_create_at, ann_update_at)
values (1, 1, 'Maison de luxe', 250000, 'Lorem ipsum dolor sit amet, consectetur adipiscing elit, sed do eiusmod tempor incididunt ut labore et dolore magna aliqua. Vel fringilla est ullamcorper eget nulla facilisi etiam dignissim diam. Egestas congue quisque egestas diam in arcu cursus. Sagittis nisl rhoncus mattis rhoncus urna neque. Amet consectetur adipiscing elit duis tristique. Neque gravida in fermentum et. Mollis nunc sed id semper risus in hendrerit. Malesuada fames ac turpis egestas integer eget aliquet nibh praesent. Integer enim neque volutpat ac tincidunt. Nulla aliquet porttitor lacus luctus accumsan. In fermentum et sollicitudin ac orci phasellus egestas tellus. Aliquet bibendum enim facilisis gravida neque convallis. Fusce ut placerat orci nulla pellentesque dignissim enim sit amet. Sed euismod nisi porta lorem mollis aliquam ut. Eget nulla facilisi etiam dignissim diam quis. Viverra mauris in aliquam sem fringilla ut morbi tincidunt. Tristique senectus et netus et. Consequat mauris nunc congue nisi vitae suscipit tellus. Augue neque gravida in fermentum et. Sed enim ut sem viverra aliquet eget sit amet. Pellentesque eu tincidunt tortor aliquam nulla facilisi cras fermentum. Enim eu turpis egestas pretium aenean. Aliquam purus sit amet luctus venenatis lectus magna. Vitae tempus quam pellentesque nec nam aliquam sem. Suscipit adipiscing bibendum est ultricies integer quis auctor elit sed. Neque gravida in fermentum et sollicitudin ac orci phasellus. Egestas quis ipsum suspendisse ultrices gravida dictum fusce ut. Mollis nunc sed id semper risus in. Tellus elementum sagittis vitae et leo duis. Aliquet lectus proin nibh nisl condimentum id. Magna fermentum iaculis eu non diam phasellus vestibulum lorem sed. Luctus venenatis lectus magna fringilla. Consectetur libero id faucibus nisl tincidunt eget nullam non. Vitae congue mauris rhoncus aenean vel. Nunc mattis enim ut tellus. Enim praesent elementum facilisis leo vel fringilla est. Ac orci phasellus egestas tellus rutrum tellus pellentesque. Lectus magna fringilla urna porttitor. Scelerisque felis imperdiet proin fermentum leo vel orci porta non.', '1.jpg', 54, '1740-8-9 17:15:35', '1740-8-9 17:15:35');

insert into annonce (ann_id, use_id, ann_nom, ann_prix, ann_description, ann_photo, ann_nombre_consultation, ann_create_at, ann_update_at)
values (2, 1, 'PC Portable neuf asus ROG', 800, 'Lorem ipsum dolor sit amet, consectetur adipiscing elit, sed do eiusmod tempor incididunt ut labore et dolore magna aliqua. Vel fringilla est ullamcorper eget nulla facilisi etiam dignissim diam. Egestas congue quisque egestas diam in arcu cursus. Sagittis nisl rhoncus mattis rhoncus urna neque. Amet consectetur adipiscing elit duis tristique. Neque gravida in fermentum et. Mollis nunc sed id semper risus in hendrerit. Malesuada fames ac turpis egestas integer eget aliquet nibh praesent. Integer enim neque volutpat ac tincidunt. Nulla aliquet porttitor lacus luctus accumsan. In fermentum et sollicitudin ac orci phasellus egestas tellus. Aliquet bibendum enim facilisis gravida neque convallis. Fusce ut placerat orci nulla pellentesque dignissim enim sit amet. Sed euismod nisi porta lorem mollis aliquam ut. Eget nulla facilisi etiam dignissim diam quis. Viverra mauris in aliquam sem fringilla ut morbi tincidunt. Tristique senectus et netus et. Consequat mauris nunc congue nisi vitae suscipit tellus. Augue neque gravida in fermentum et. Sed enim ut sem viverra aliquet eget sit amet. Pellentesque eu tincidunt tortor aliquam nulla facilisi cras fermentum. Enim eu turpis egestas pretium aenean. Aliquam purus sit amet luctus venenatis lectus magna. Vitae tempus quam pellentesque nec nam aliquam sem. Suscipit adipiscing bibendum est ultricies integer quis auctor elit sed. Neque gravida in fermentum et sollicitudin ac orci phasellus. Egestas quis ipsum suspendisse ultrices gravida dictum fusce ut. Mollis nunc sed id semper risus in. Tellus elementum sagittis vitae et leo duis. Aliquet lectus proin nibh nisl condimentum id. Magna fermentum iaculis eu non diam phasellus vestibulum lorem sed. Luctus venenatis lectus magna fringilla. Consectetur libero id faucibus nisl tincidunt eget nullam non. Vitae congue mauris rhoncus aenean vel. Nunc mattis enim ut tellus. Enim praesent elementum facilisis leo vel fringilla est. Ac orci phasellus egestas tellus rutrum tellus pellentesque. Lectus magna fringilla urna porttitor. Scelerisque felis imperdiet proin fermentum leo vel orci porta non.', '2.jpg', 16, now(), now());

insert into annonce (ann_id, use_id, ann_nom, ann_prix, ann_description, ann_photo, ann_nombre_consultation, ann_create_at, ann_update_at)
values (3, 1, 'HL-L9470CDN Imprimante laser couleur', 1000, 'Lorem ipsum dolor sit amet, consectetur adipiscing elit, sed do eiusmod tempor incididunt ut labore et dolore magna aliqua. Vel fringilla est ullamcorper eget nulla facilisi etiam dignissim diam. Egestas congue quisque egestas diam in arcu cursus. Sagittis nisl rhoncus mattis rhoncus urna neque. Amet consectetur adipiscing elit duis tristique. Neque gravida in fermentum et. Mollis nunc sed id semper risus in hendrerit. Malesuada fames ac turpis egestas integer eget aliquet nibh praesent. Integer enim neque volutpat ac tincidunt. Nulla aliquet porttitor lacus luctus accumsan. In fermentum et sollicitudin ac orci phasellus egestas tellus. Aliquet bibendum enim facilisis gravida neque convallis. Fusce ut placerat orci nulla pellentesque dignissim enim sit amet. Sed euismod nisi porta lorem mollis aliquam ut. Eget nulla facilisi etiam dignissim diam quis. Viverra mauris in aliquam sem fringilla ut morbi tincidunt. Tristique senectus et netus et. Consequat mauris nunc congue nisi vitae suscipit tellus. Augue neque gravida in fermentum et. Sed enim ut sem viverra aliquet eget sit amet. Pellentesque eu tincidunt tortor aliquam nulla facilisi cras fermentum. Enim eu turpis egestas pretium aenean. Aliquam purus sit amet luctus venenatis lectus magna. Vitae tempus quam pellentesque nec nam aliquam sem. Suscipit adipiscing bibendum est ultricies integer quis auctor elit sed. Neque gravida in fermentum et sollicitudin ac orci phasellus. Egestas quis ipsum suspendisse ultrices gravida dictum fusce ut. Mollis nunc sed id semper risus in. Tellus elementum sagittis vitae et leo duis. Aliquet lectus proin nibh nisl condimentum id. Magna fermentum iaculis eu non diam phasellus vestibulum lorem sed. Luctus venenatis lectus magna fringilla. Consectetur libero id faucibus nisl tincidunt eget nullam non. Vitae congue mauris rhoncus aenean vel. Nunc mattis enim ut tellus. Enim praesent elementum facilisis leo vel fringilla est. Ac orci phasellus egestas tellus rutrum tellus pellentesque. Lectus magna fringilla urna porttitor. Scelerisque felis imperdiet proin fermentum leo vel orci porta non.', '3.jpg', 25, now(), now());

insert into annonce (ann_id, use_id, ann_nom, ann_prix, ann_description, ann_photo, ann_nombre_consultation, ann_create_at, ann_update_at)
values (4, 1, 'Ecran PC Gamer Incurvé VIEWSONIC VX3218', 300, 'Lorem ipsum dolor sit amet, consectetur adipiscing elit, sed do eiusmod tempor incididunt ut labore et dolore magna aliqua. Vel fringilla est ullamcorper eget nulla facilisi etiam dignissim diam. Egestas congue quisque egestas diam in arcu cursus. Sagittis nisl rhoncus mattis rhoncus urna neque. Amet consectetur adipiscing elit duis tristique. Neque gravida in fermentum et. Mollis nunc sed id semper risus in hendrerit. Malesuada fames ac turpis egestas integer eget aliquet nibh praesent. Integer enim neque volutpat ac tincidunt. Nulla aliquet porttitor lacus luctus accumsan. In fermentum et sollicitudin ac orci phasellus egestas tellus. Aliquet bibendum enim facilisis gravida neque convallis. Fusce ut placerat orci nulla pellentesque dignissim enim sit amet. Sed euismod nisi porta lorem mollis aliquam ut. Eget nulla facilisi etiam dignissim diam quis. Viverra mauris in aliquam sem fringilla ut morbi tincidunt. Tristique senectus et netus et. Consequat mauris nunc congue nisi vitae suscipit tellus. Augue neque gravida in fermentum et. Sed enim ut sem viverra aliquet eget sit amet. Pellentesque eu tincidunt tortor aliquam nulla facilisi cras fermentum. Enim eu turpis egestas pretium aenean. Aliquam purus sit amet luctus venenatis lectus magna. Vitae tempus quam pellentesque nec nam aliquam sem. Suscipit adipiscing bibendum est ultricies integer quis auctor elit sed. Neque gravida in fermentum et sollicitudin ac orci phasellus. Egestas quis ipsum suspendisse ultrices gravida dictum fusce ut. Mollis nunc sed id semper risus in. Tellus elementum sagittis vitae et leo duis. Aliquet lectus proin nibh nisl condimentum id. Magna fermentum iaculis eu non diam phasellus vestibulum lorem sed. Luctus venenatis lectus magna fringilla. Consectetur libero id faucibus nisl tincidunt eget nullam non. Vitae congue mauris rhoncus aenean vel. Nunc mattis enim ut tellus. Enim praesent elementum facilisis leo vel fringilla est. Ac orci phasellus egestas tellus rutrum tellus pellentesque. Lectus magna fringilla urna porttitor. Scelerisque felis imperdiet proin fermentum leo vel orci porta non.', '4.jpg', 34, now(), now());

insert into annonce (ann_id, use_id, ann_nom, ann_prix, ann_description, ann_photo, ann_nombre_consultation, ann_create_at, ann_update_at)
values (5, 1, 'Dell Thunderbolt Dock WD19TB', 400, 'Lorem ipsum dolor sit amet, consectetur adipiscing elit, sed do eiusmod tempor incididunt ut labore et dolore magna aliqua. Vel fringilla est ullamcorper eget nulla facilisi etiam dignissim diam. Egestas congue quisque egestas diam in arcu cursus. Sagittis nisl rhoncus mattis rhoncus urna neque. Amet consectetur adipiscing elit duis tristique. Neque gravida in fermentum et. Mollis nunc sed id semper risus in hendrerit. Malesuada fames ac turpis egestas integer eget aliquet nibh praesent. Integer enim neque volutpat ac tincidunt. Nulla aliquet porttitor lacus luctus accumsan. In fermentum et sollicitudin ac orci phasellus egestas tellus. Aliquet bibendum enim facilisis gravida neque convallis. Fusce ut placerat orci nulla pellentesque dignissim enim sit amet. Sed euismod nisi porta lorem mollis aliquam ut. Eget nulla facilisi etiam dignissim diam quis. Viverra mauris in aliquam sem fringilla ut morbi tincidunt. Tristique senectus et netus et. Consequat mauris nunc congue nisi vitae suscipit tellus. Augue neque gravida in fermentum et. Sed enim ut sem viverra aliquet eget sit amet. Pellentesque eu tincidunt tortor aliquam nulla facilisi cras fermentum. Enim eu turpis egestas pretium aenean. Aliquam purus sit amet luctus venenatis lectus magna. Vitae tempus quam pellentesque nec nam aliquam sem. Suscipit adipiscing bibendum est ultricies integer quis auctor elit sed. Neque gravida in fermentum et sollicitudin ac orci phasellus. Egestas quis ipsum suspendisse ultrices gravida dictum fusce ut. Mollis nunc sed id semper risus in. Tellus elementum sagittis vitae et leo duis. Aliquet lectus proin nibh nisl condimentum id. Magna fermentum iaculis eu non diam phasellus vestibulum lorem sed. Luctus venenatis lectus magna fringilla. Consectetur libero id faucibus nisl tincidunt eget nullam non. Vitae congue mauris rhoncus aenean vel. Nunc mattis enim ut tellus. Enim praesent elementum facilisis leo vel fringilla est. Ac orci phasellus egestas tellus rutrum tellus pellentesque. Lectus magna fringilla urna porttitor. Scelerisque felis imperdiet proin fermentum leo vel orci porta non.', '5.jpg', 13, now(), now());

insert into annonce (ann_id, use_id, ann_nom, ann_prix, ann_description, ann_photo, ann_nombre_consultation, ann_create_at, ann_update_at)
values (6, 1, 'Google Pixel 7', 550, 'Lorem ipsum dolor sit amet, consectetur adipiscing elit, sed do eiusmod tempor incididunt ut labore et dolore magna aliqua. Vel fringilla est ullamcorper eget nulla facilisi etiam dignissim diam. Egestas congue quisque egestas diam in arcu cursus. Sagittis nisl rhoncus mattis rhoncus urna neque. Amet consectetur adipiscing elit duis tristique. Neque gravida in fermentum et. Mollis nunc sed id semper risus in hendrerit. Malesuada fames ac turpis egestas integer eget aliquet nibh praesent. Integer enim neque volutpat ac tincidunt. Nulla aliquet porttitor lacus luctus accumsan. In fermentum et sollicitudin ac orci phasellus egestas tellus. Aliquet bibendum enim facilisis gravida neque convallis. Fusce ut placerat orci nulla pellentesque dignissim enim sit amet. Sed euismod nisi porta lorem mollis aliquam ut. Eget nulla facilisi etiam dignissim diam quis. Viverra mauris in aliquam sem fringilla ut morbi tincidunt. Tristique senectus et netus et. Consequat mauris nunc congue nisi vitae suscipit tellus. Augue neque gravida in fermentum et. Sed enim ut sem viverra aliquet eget sit amet. Pellentesque eu tincidunt tortor aliquam nulla facilisi cras fermentum. Enim eu turpis egestas pretium aenean. Aliquam purus sit amet luctus venenatis lectus magna. Vitae tempus quam pellentesque nec nam aliquam sem. Suscipit adipiscing bibendum est ultricies integer quis auctor elit sed. Neque gravida in fermentum et sollicitudin ac orci phasellus. Egestas quis ipsum suspendisse ultrices gravida dictum fusce ut. Mollis nunc sed id semper risus in. Tellus elementum sagittis vitae et leo duis. Aliquet lectus proin nibh nisl condimentum id. Magna fermentum iaculis eu non diam phasellus vestibulum lorem sed. Luctus venenatis lectus magna fringilla. Consectetur libero id faucibus nisl tincidunt eget nullam non. Vitae congue mauris rhoncus aenean vel. Nunc mattis enim ut tellus. Enim praesent elementum facilisis leo vel fringilla est. Ac orci phasellus egestas tellus rutrum tellus pellentesque. Lectus magna fringilla urna porttitor. Scelerisque felis imperdiet proin fermentum leo vel orci porta non.', '6.jpg', 24, now(), now());

insert into annonce (ann_id, use_id, ann_nom, ann_prix, ann_description, ann_photo, ann_nombre_consultation,ann_create_at, ann_update_at)
values (7, 2, 'Synology DiskStation DS220+', 369, 'Lorem ipsum dolor sit amet, consectetur adipiscing elit, sed do eiusmod tempor incididunt ut labore et dolore magna aliqua. Vel fringilla est ullamcorper eget nulla facilisi etiam dignissim diam. Egestas congue quisque egestas diam in arcu cursus. Sagittis nisl rhoncus mattis rhoncus urna neque. Amet consectetur adipiscing elit duis tristique. Neque gravida in fermentum et. Mollis nunc sed id semper risus in hendrerit. Malesuada fames ac turpis egestas integer eget aliquet nibh praesent. Integer enim neque volutpat ac tincidunt. Nulla aliquet porttitor lacus luctus accumsan. In fermentum et sollicitudin ac orci phasellus egestas tellus. Aliquet bibendum enim facilisis gravida neque convallis. Fusce ut placerat orci nulla pellentesque dignissim enim sit amet. Sed euismod nisi porta lorem mollis aliquam ut. Eget nulla facilisi etiam dignissim diam quis. Viverra mauris in aliquam sem fringilla ut morbi tincidunt. Tristique senectus et netus et. Consequat mauris nunc congue nisi vitae suscipit tellus. Augue neque gravida in fermentum et. Sed enim ut sem viverra aliquet eget sit amet. Pellentesque eu tincidunt tortor aliquam nulla facilisi cras fermentum. Enim eu turpis egestas pretium aenean. Aliquam purus sit amet luctus venenatis lectus magna. Vitae tempus quam pellentesque nec nam aliquam sem. Suscipit adipiscing bibendum est ultricies integer quis auctor elit sed. Neque gravida in fermentum et sollicitudin ac orci phasellus. Egestas quis ipsum suspendisse ultrices gravida dictum fusce ut. Mollis nunc sed id semper risus in. Tellus elementum sagittis vitae et leo duis. Aliquet lectus proin nibh nisl condimentum id. Magna fermentum iaculis eu non diam phasellus vestibulum lorem sed. Luctus venenatis lectus magna fringilla. Consectetur libero id faucibus nisl tincidunt eget nullam non. Vitae congue mauris rhoncus aenean vel. Nunc mattis enim ut tellus. Enim praesent elementum facilisis leo vel fringilla est. Ac orci phasellus egestas tellus rutrum tellus pellentesque. Lectus magna fringilla urna porttitor. Scelerisque felis imperdiet proin fermentum leo vel orci porta non.', '7.jpg', 4, now(), now());

insert into annonce (ann_id, use_id, ann_nom, ann_prix, ann_description, ann_photo, ann_nombre_consultation, ann_create_at, ann_update_at)
values (8, 2, 'iPhone 14 Pro Max', 10, 'Lorem ipsum dolor sit amet, consectetur adipiscing elit, sed do eiusmod tempor incididunt ut labore et dolore magna aliqua. Vel fringilla est ullamcorper eget nulla facilisi etiam dignissim diam. Egestas congue quisque egestas diam in arcu cursus. Sagittis nisl rhoncus mattis rhoncus urna neque. Amet consectetur adipiscing elit duis tristique. Neque gravida in fermentum et. Mollis nunc sed id semper risus in hendrerit. Malesuada fames ac turpis egestas integer eget aliquet nibh praesent. Integer enim neque volutpat ac tincidunt. Nulla aliquet porttitor lacus luctus accumsan. In fermentum et sollicitudin ac orci phasellus egestas tellus. Aliquet bibendum enim facilisis gravida neque convallis. Fusce ut placerat orci nulla pellentesque dignissim enim sit amet. Sed euismod nisi porta lorem mollis aliquam ut. Eget nulla facilisi etiam dignissim diam quis. Viverra mauris in aliquam sem fringilla ut morbi tincidunt. Tristique senectus et netus et. Consequat mauris nunc congue nisi vitae suscipit tellus. Augue neque gravida in fermentum et. Sed enim ut sem viverra aliquet eget sit amet. Pellentesque eu tincidunt tortor aliquam nulla facilisi cras fermentum. Enim eu turpis egestas pretium aenean. Aliquam purus sit amet luctus venenatis lectus magna. Vitae tempus quam pellentesque nec nam aliquam sem. Suscipit adipiscing bibendum est ultricies integer quis auctor elit sed. Neque gravida in fermentum et sollicitudin ac orci phasellus. Egestas quis ipsum suspendisse ultrices gravida dictum fusce ut. Mollis nunc sed id semper risus in. Tellus elementum sagittis vitae et leo duis. Aliquet lectus proin nibh nisl condimentum id. Magna fermentum iaculis eu non diam phasellus vestibulum lorem sed. Luctus venenatis lectus magna fringilla. Consectetur libero id faucibus nisl tincidunt eget nullam non. Vitae congue mauris rhoncus aenean vel. Nunc mattis enim ut tellus. Enim praesent elementum facilisis leo vel fringilla est. Ac orci phasellus egestas tellus rutrum tellus pellentesque. Lectus magna fringilla urna porttitor. Scelerisque felis imperdiet proin fermentum leo vel orci porta non.', '8.jpg', 55, now(), now());

insert into annonce (ann_id, use_id, ann_nom, ann_prix, ann_description, ann_photo, ann_nombre_consultation, ann_create_at, ann_update_at)
values (9, 2, 'DYSON - Aspirateur traîneau DC29 DB', 350, 'Lorem ipsum dolor sit amet, consectetur adipiscing elit, sed do eiusmod tempor incididunt ut labore et dolore magna aliqua. Vel fringilla est ullamcorper eget nulla facilisi etiam dignissim diam. Egestas congue quisque egestas diam in arcu cursus. Sagittis nisl rhoncus mattis rhoncus urna neque. Amet consectetur adipiscing elit duis tristique. Neque gravida in fermentum et. Mollis nunc sed id semper risus in hendrerit. Malesuada fames ac turpis egestas integer eget aliquet nibh praesent. Integer enim neque volutpat ac tincidunt. Nulla aliquet porttitor lacus luctus accumsan. In fermentum et sollicitudin ac orci phasellus egestas tellus. Aliquet bibendum enim facilisis gravida neque convallis. Fusce ut placerat orci nulla pellentesque dignissim enim sit amet. Sed euismod nisi porta lorem mollis aliquam ut. Eget nulla facilisi etiam dignissim diam quis. Viverra mauris in aliquam sem fringilla ut morbi tincidunt. Tristique senectus et netus et. Consequat mauris nunc congue nisi vitae suscipit tellus. Augue neque gravida in fermentum et. Sed enim ut sem viverra aliquet eget sit amet. Pellentesque eu tincidunt tortor aliquam nulla facilisi cras fermentum. Enim eu turpis egestas pretium aenean. Aliquam purus sit amet luctus venenatis lectus magna. Vitae tempus quam pellentesque nec nam aliquam sem. Suscipit adipiscing bibendum est ultricies integer quis auctor elit sed. Neque gravida in fermentum et sollicitudin ac orci phasellus. Egestas quis ipsum suspendisse ultrices gravida dictum fusce ut. Mollis nunc sed id semper risus in. Tellus elementum sagittis vitae et leo duis. Aliquet lectus proin nibh nisl condimentum id. Magna fermentum iaculis eu non diam phasellus vestibulum lorem sed. Luctus venenatis lectus magna fringilla. Consectetur libero id faucibus nisl tincidunt eget nullam non. Vitae congue mauris rhoncus aenean vel. Nunc mattis enim ut tellus. Enim praesent elementum facilisis leo vel fringilla est. Ac orci phasellus egestas tellus rutrum tellus pellentesque. Lectus magna fringilla urna porttitor. Scelerisque felis imperdiet proin fermentum leo vel orci porta non.', '9.jpg', 25, now(), now());

insert into annonce (ann_id, use_id, ann_nom, ann_prix, ann_description, ann_photo, ann_nombre_consultation, ann_create_at, ann_update_at)
values (10, 2, 'Réfrigérateurs LG GSXV90MCAE', 3099, 'Lorem ipsum dolor sit amet, consectetur adipiscing elit, sed do eiusmod tempor incididunt ut labore et dolore magna aliqua. Vel fringilla est ullamcorper eget nulla facilisi etiam dignissim diam. Egestas congue quisque egestas diam in arcu cursus. Sagittis nisl rhoncus mattis rhoncus urna neque. Amet consectetur adipiscing elit duis tristique. Neque gravida in fermentum et. Mollis nunc sed id semper risus in hendrerit. Malesuada fames ac turpis egestas integer eget aliquet nibh praesent. Integer enim neque volutpat ac tincidunt. Nulla aliquet porttitor lacus luctus accumsan. In fermentum et sollicitudin ac orci phasellus egestas tellus. Aliquet bibendum enim facilisis gravida neque convallis. Fusce ut placerat orci nulla pellentesque dignissim enim sit amet. Sed euismod nisi porta lorem mollis aliquam ut. Eget nulla facilisi etiam dignissim diam quis. Viverra mauris in aliquam sem fringilla ut morbi tincidunt. Tristique senectus et netus et. Consequat mauris nunc congue nisi vitae suscipit tellus. Augue neque gravida in fermentum et. Sed enim ut sem viverra aliquet eget sit amet. Pellentesque eu tincidunt tortor aliquam nulla facilisi cras fermentum. Enim eu turpis egestas pretium aenean. Aliquam purus sit amet luctus venenatis lectus magna. Vitae tempus quam pellentesque nec nam aliquam sem. Suscipit adipiscing bibendum est ultricies integer quis auctor elit sed. Neque gravida in fermentum et sollicitudin ac orci phasellus. Egestas quis ipsum suspendisse ultrices gravida dictum fusce ut. Mollis nunc sed id semper risus in. Tellus elementum sagittis vitae et leo duis. Aliquet lectus proin nibh nisl condimentum id. Magna fermentum iaculis eu non diam phasellus vestibulum lorem sed. Luctus venenatis lectus magna fringilla. Consectetur libero id faucibus nisl tincidunt eget nullam non. Vitae congue mauris rhoncus aenean vel. Nunc mattis enim ut tellus. Enim praesent elementum facilisis leo vel fringilla est. Ac orci phasellus egestas tellus rutrum tellus pellentesque. Lectus magna fringilla urna porttitor. Scelerisque felis imperdiet proin fermentum leo vel orci porta non.', '10.jpg', 15, now(), now());

insert into annonce (ann_id, use_id, ann_nom, ann_prix, ann_description, ann_photo, ann_nombre_consultation, ann_create_at, ann_update_at)
values (11, 2, 'Lave-linge hublot HOTPOINT AQ114D497SDEUN', 450, 'Lorem ipsum dolor sit amet, consectetur adipiscing elit, sed do eiusmod tempor incididunt ut labore et dolore magna aliqua. Vel fringilla est ullamcorper eget nulla facilisi etiam dignissim diam. Egestas congue quisque egestas diam in arcu cursus. Sagittis nisl rhoncus mattis rhoncus urna neque. Amet consectetur adipiscing elit duis tristique. Neque gravida in fermentum et. Mollis nunc sed id semper risus in hendrerit. Malesuada fames ac turpis egestas integer eget aliquet nibh praesent. Integer enim neque volutpat ac tincidunt. Nulla aliquet porttitor lacus luctus accumsan. In fermentum et sollicitudin ac orci phasellus egestas tellus. Aliquet bibendum enim facilisis gravida neque convallis. Fusce ut placerat orci nulla pellentesque dignissim enim sit amet. Sed euismod nisi porta lorem mollis aliquam ut. Eget nulla facilisi etiam dignissim diam quis. Viverra mauris in aliquam sem fringilla ut morbi tincidunt. Tristique senectus et netus et. Consequat mauris nunc congue nisi vitae suscipit tellus. Augue neque gravida in fermentum et. Sed enim ut sem viverra aliquet eget sit amet. Pellentesque eu tincidunt tortor aliquam nulla facilisi cras fermentum. Enim eu turpis egestas pretium aenean. Aliquam purus sit amet luctus venenatis lectus magna. Vitae tempus quam pellentesque nec nam aliquam sem. Suscipit adipiscing bibendum est ultricies integer quis auctor elit sed. Neque gravida in fermentum et sollicitudin ac orci phasellus. Egestas quis ipsum suspendisse ultrices gravida dictum fusce ut. Mollis nunc sed id semper risus in. Tellus elementum sagittis vitae et leo duis. Aliquet lectus proin nibh nisl condimentum id. Magna fermentum iaculis eu non diam phasellus vestibulum lorem sed. Luctus venenatis lectus magna fringilla. Consectetur libero id faucibus nisl tincidunt eget nullam non. Vitae congue mauris rhoncus aenean vel. Nunc mattis enim ut tellus. Enim praesent elementum facilisis leo vel fringilla est. Ac orci phasellus egestas tellus rutrum tellus pellentesque. Lectus magna fringilla urna porttitor. Scelerisque felis imperdiet proin fermentum leo vel orci porta non.', '11.jpg', 25, now(), now());

insert into annonce (ann_id, use_id, ann_nom, ann_prix, ann_description, ann_photo, ann_nombre_consultation, ann_create_at, ann_update_at)
values (12, 2, 'Monsieur Cuisine Smart robot multifonctions', 692, 'Lorem ipsum dolor sit amet, consectetur adipiscing elit, sed do eiusmod tempor incididunt ut labore et dolore magna aliqua. Vel fringilla est ullamcorper eget nulla facilisi etiam dignissim diam. Egestas congue quisque egestas diam in arcu cursus. Sagittis nisl rhoncus mattis rhoncus urna neque. Amet consectetur adipiscing elit duis tristique. Neque gravida in fermentum et. Mollis nunc sed id semper risus in hendrerit. Malesuada fames ac turpis egestas integer eget aliquet nibh praesent. Integer enim neque volutpat ac tincidunt. Nulla aliquet porttitor lacus luctus accumsan. In fermentum et sollicitudin ac orci phasellus egestas tellus. Aliquet bibendum enim facilisis gravida neque convallis. Fusce ut placerat orci nulla pellentesque dignissim enim sit amet. Sed euismod nisi porta lorem mollis aliquam ut. Eget nulla facilisi etiam dignissim diam quis. Viverra mauris in aliquam sem fringilla ut morbi tincidunt. Tristique senectus et netus et. Consequat mauris nunc congue nisi vitae suscipit tellus. Augue neque gravida in fermentum et. Sed enim ut sem viverra aliquet eget sit amet. Pellentesque eu tincidunt tortor aliquam nulla facilisi cras fermentum. Enim eu turpis egestas pretium aenean. Aliquam purus sit amet luctus venenatis lectus magna. Vitae tempus quam pellentesque nec nam aliquam sem. Suscipit adipiscing bibendum est ultricies integer quis auctor elit sed. Neque gravida in fermentum et sollicitudin ac orci phasellus. Egestas quis ipsum suspendisse ultrices gravida dictum fusce ut. Mollis nunc sed id semper risus in. Tellus elementum sagittis vitae et leo duis. Aliquet lectus proin nibh nisl condimentum id. Magna fermentum iaculis eu non diam phasellus vestibulum lorem sed. Luctus venenatis lectus magna fringilla. Consectetur libero id faucibus nisl tincidunt eget nullam non. Vitae congue mauris rhoncus aenean vel. Nunc mattis enim ut tellus. Enim praesent elementum facilisis leo vel fringilla est. Ac orci phasellus egestas tellus rutrum tellus pellentesque. Lectus magna fringilla urna porttitor. Scelerisque felis imperdiet proin fermentum leo vel orci porta non.', '12.jpg', 16, now(), now());

insert into annonce (ann_id, use_id, ann_nom, ann_prix, ann_description, ann_photo, ann_nombre_consultation, ann_create_at, ann_update_at)
values (13, 3, 'X-Plorer Serie 40', 350, 'Lorem ipsum dolor sit amet, consectetur adipiscing elit, sed do eiusmod tempor incididunt ut labore et dolore magna aliqua. Vel fringilla est ullamcorper eget nulla facilisi etiam dignissim diam. Egestas congue quisque egestas diam in arcu cursus. Sagittis nisl rhoncus mattis rhoncus urna neque. Amet consectetur adipiscing elit duis tristique. Neque gravida in fermentum et. Mollis nunc sed id semper risus in hendrerit. Malesuada fames ac turpis egestas integer eget aliquet nibh praesent. Integer enim neque volutpat ac tincidunt. Nulla aliquet porttitor lacus luctus accumsan. In fermentum et sollicitudin ac orci phasellus egestas tellus. Aliquet bibendum enim facilisis gravida neque convallis. Fusce ut placerat orci nulla pellentesque dignissim enim sit amet. Sed euismod nisi porta lorem mollis aliquam ut. Eget nulla facilisi etiam dignissim diam quis. Viverra mauris in aliquam sem fringilla ut morbi tincidunt. Tristique senectus et netus et. Consequat mauris nunc congue nisi vitae suscipit tellus. Augue neque gravida in fermentum et. Sed enim ut sem viverra aliquet eget sit amet. Pellentesque eu tincidunt tortor aliquam nulla facilisi cras fermentum. Enim eu turpis egestas pretium aenean. Aliquam purus sit amet luctus venenatis lectus magna. Vitae tempus quam pellentesque nec nam aliquam sem. Suscipit adipiscing bibendum est ultricies integer quis auctor elit sed. Neque gravida in fermentum et sollicitudin ac orci phasellus. Egestas quis ipsum suspendisse ultrices gravida dictum fusce ut. Mollis nunc sed id semper risus in. Tellus elementum sagittis vitae et leo duis. Aliquet lectus proin nibh nisl condimentum id. Magna fermentum iaculis eu non diam phasellus vestibulum lorem sed. Luctus venenatis lectus magna fringilla. Consectetur libero id faucibus nisl tincidunt eget nullam non. Vitae congue mauris rhoncus aenean vel. Nunc mattis enim ut tellus. Enim praesent elementum facilisis leo vel fringilla est. Ac orci phasellus egestas tellus rutrum tellus pellentesque. Lectus magna fringilla urna porttitor. Scelerisque felis imperdiet proin fermentum leo vel orci porta non.', '13.jpg', 26, now(), now());

insert into annonce (ann_id, use_id, ann_nom, ann_prix, ann_description, ann_photo, ann_nombre_consultation, ann_create_at, ann_update_at)
values (14, 3, 'FLAVORMASTER ROUGE - AUTOCUISEUR', 59, 'Lorem ipsum dolor sit amet, consectetur adipiscing elit, sed do eiusmod tempor incididunt ut labore et dolore magna aliqua. Vel fringilla est ullamcorper eget nulla facilisi etiam dignissim diam. Egestas congue quisque egestas diam in arcu cursus. Sagittis nisl rhoncus mattis rhoncus urna neque. Amet consectetur adipiscing elit duis tristique. Neque gravida in fermentum et. Mollis nunc sed id semper risus in hendrerit. Malesuada fames ac turpis egestas integer eget aliquet nibh praesent. Integer enim neque volutpat ac tincidunt. Nulla aliquet porttitor lacus luctus accumsan. In fermentum et sollicitudin ac orci phasellus egestas tellus. Aliquet bibendum enim facilisis gravida neque convallis. Fusce ut placerat orci nulla pellentesque dignissim enim sit amet. Sed euismod nisi porta lorem mollis aliquam ut. Eget nulla facilisi etiam dignissim diam quis. Viverra mauris in aliquam sem fringilla ut morbi tincidunt. Tristique senectus et netus et. Consequat mauris nunc congue nisi vitae suscipit tellus. Augue neque gravida in fermentum et. Sed enim ut sem viverra aliquet eget sit amet. Pellentesque eu tincidunt tortor aliquam nulla facilisi cras fermentum. Enim eu turpis egestas pretium aenean. Aliquam purus sit amet luctus venenatis lectus magna. Vitae tempus quam pellentesque nec nam aliquam sem. Suscipit adipiscing bibendum est ultricies integer quis auctor elit sed. Neque gravida in fermentum et sollicitudin ac orci phasellus. Egestas quis ipsum suspendisse ultrices gravida dictum fusce ut. Mollis nunc sed id semper risus in. Tellus elementum sagittis vitae et leo duis. Aliquet lectus proin nibh nisl condimentum id. Magna fermentum iaculis eu non diam phasellus vestibulum lorem sed. Luctus venenatis lectus magna fringilla. Consectetur libero id faucibus nisl tincidunt eget nullam non. Vitae congue mauris rhoncus aenean vel. Nunc mattis enim ut tellus. Enim praesent elementum facilisis leo vel fringilla est. Ac orci phasellus egestas tellus rutrum tellus pellentesque. Lectus magna fringilla urna porttitor. Scelerisque felis imperdiet proin fermentum leo vel orci porta non.', '14.jpg', 36, now(), now());

insert into annonce (ann_id, use_id, ann_nom, ann_prix, ann_description, ann_photo, ann_nombre_consultation, ann_create_at, ann_update_at)
values (15, 3, 'Lave vaisselle largeur 60 cm', 550, 'Lorem ipsum dolor sit amet, consectetur adipiscing elit, sed do eiusmod tempor incididunt ut labore et dolore magna aliqua. Vel fringilla est ullamcorper eget nulla facilisi etiam dignissim diam. Egestas congue quisque egestas diam in arcu cursus. Sagittis nisl rhoncus mattis rhoncus urna neque. Amet consectetur adipiscing elit duis tristique. Neque gravida in fermentum et. Mollis nunc sed id semper risus in hendrerit. Malesuada fames ac turpis egestas integer eget aliquet nibh praesent. Integer enim neque volutpat ac tincidunt. Nulla aliquet porttitor lacus luctus accumsan. In fermentum et sollicitudin ac orci phasellus egestas tellus. Aliquet bibendum enim facilisis gravida neque convallis. Fusce ut placerat orci nulla pellentesque dignissim enim sit amet. Sed euismod nisi porta lorem mollis aliquam ut. Eget nulla facilisi etiam dignissim diam quis. Viverra mauris in aliquam sem fringilla ut morbi tincidunt. Tristique senectus et netus et. Consequat mauris nunc congue nisi vitae suscipit tellus. Augue neque gravida in fermentum et. Sed enim ut sem viverra aliquet eget sit amet. Pellentesque eu tincidunt tortor aliquam nulla facilisi cras fermentum. Enim eu turpis egestas pretium aenean. Aliquam purus sit amet luctus venenatis lectus magna. Vitae tempus quam pellentesque nec nam aliquam sem. Suscipit adipiscing bibendum est ultricies integer quis auctor elit sed. Neque gravida in fermentum et sollicitudin ac orci phasellus. Egestas quis ipsum suspendisse ultrices gravida dictum fusce ut. Mollis nunc sed id semper risus in. Tellus elementum sagittis vitae et leo duis. Aliquet lectus proin nibh nisl condimentum id. Magna fermentum iaculis eu non diam phasellus vestibulum lorem sed. Luctus venenatis lectus magna fringilla. Consectetur libero id faucibus nisl tincidunt eget nullam non. Vitae congue mauris rhoncus aenean vel. Nunc mattis enim ut tellus. Enim praesent elementum facilisis leo vel fringilla est. Ac orci phasellus egestas tellus rutrum tellus pellentesque. Lectus magna fringilla urna porttitor. Scelerisque felis imperdiet proin fermentum leo vel orci porta non.', '15.jpg', 17, now(), now());

insert into annonce (ann_id, use_id, ann_nom, ann_prix, ann_description, ann_photo, ann_nombre_consultation, ann_create_at, ann_update_at)
values (16, 3, 'Smeg KLF04', 180, 'Lorem ipsum dolor sit amet, consectetur adipiscing elit, sed do eiusmod tempor incididunt ut labore et dolore magna aliqua. Vel fringilla est ullamcorper eget nulla facilisi etiam dignissim diam. Egestas congue quisque egestas diam in arcu cursus. Sagittis nisl rhoncus mattis rhoncus urna neque. Amet consectetur adipiscing elit duis tristique. Neque gravida in fermentum et. Mollis nunc sed id semper risus in hendrerit. Malesuada fames ac turpis egestas integer eget aliquet nibh praesent. Integer enim neque volutpat ac tincidunt. Nulla aliquet porttitor lacus luctus accumsan. In fermentum et sollicitudin ac orci phasellus egestas tellus. Aliquet bibendum enim facilisis gravida neque convallis. Fusce ut placerat orci nulla pellentesque dignissim enim sit amet. Sed euismod nisi porta lorem mollis aliquam ut. Eget nulla facilisi etiam dignissim diam quis. Viverra mauris in aliquam sem fringilla ut morbi tincidunt. Tristique senectus et netus et. Consequat mauris nunc congue nisi vitae suscipit tellus. Augue neque gravida in fermentum et. Sed enim ut sem viverra aliquet eget sit amet. Pellentesque eu tincidunt tortor aliquam nulla facilisi cras fermentum. Enim eu turpis egestas pretium aenean. Aliquam purus sit amet luctus venenatis lectus magna. Vitae tempus quam pellentesque nec nam aliquam sem. Suscipit adipiscing bibendum est ultricies integer quis auctor elit sed. Neque gravida in fermentum et sollicitudin ac orci phasellus. Egestas quis ipsum suspendisse ultrices gravida dictum fusce ut. Mollis nunc sed id semper risus in. Tellus elementum sagittis vitae et leo duis. Aliquet lectus proin nibh nisl condimentum id. Magna fermentum iaculis eu non diam phasellus vestibulum lorem sed. Luctus venenatis lectus magna fringilla. Consectetur libero id faucibus nisl tincidunt eget nullam non. Vitae congue mauris rhoncus aenean vel. Nunc mattis enim ut tellus. Enim praesent elementum facilisis leo vel fringilla est. Ac orci phasellus egestas tellus rutrum tellus pellentesque. Lectus magna fringilla urna porttitor. Scelerisque felis imperdiet proin fermentum leo vel orci porta non.', '16.jpg', 47, now(), now());

insert into annonce (ann_id, use_id, ann_nom, ann_prix, ann_description, ann_photo, ann_nombre_consultation, ann_create_at, ann_update_at)
values (17, 3, 'Appartement Haussmanien 17', 500000, 'Lorem ipsum dolor sit amet, consectetur adipiscing elit, sed do eiusmod tempor incididunt ut labore et dolore magna aliqua. Vel fringilla est ullamcorper eget nulla facilisi etiam dignissim diam. Egestas congue quisque egestas diam in arcu cursus. Sagittis nisl rhoncus mattis rhoncus urna neque. Amet consectetur adipiscing elit duis tristique. Neque gravida in fermentum et. Mollis nunc sed id semper risus in hendrerit. Malesuada fames ac turpis egestas integer eget aliquet nibh praesent. Integer enim neque volutpat ac tincidunt. Nulla aliquet porttitor lacus luctus accumsan. In fermentum et sollicitudin ac orci phasellus egestas tellus. Aliquet bibendum enim facilisis gravida neque convallis. Fusce ut placerat orci nulla pellentesque dignissim enim sit amet. Sed euismod nisi porta lorem mollis aliquam ut. Eget nulla facilisi etiam dignissim diam quis. Viverra mauris in aliquam sem fringilla ut morbi tincidunt. Tristique senectus et netus et. Consequat mauris nunc congue nisi vitae suscipit tellus. Augue neque gravida in fermentum et. Sed enim ut sem viverra aliquet eget sit amet. Pellentesque eu tincidunt tortor aliquam nulla facilisi cras fermentum. Enim eu turpis egestas pretium aenean. Aliquam purus sit amet luctus venenatis lectus magna. Vitae tempus quam pellentesque nec nam aliquam sem. Suscipit adipiscing bibendum est ultricies integer quis auctor elit sed. Neque gravida in fermentum et sollicitudin ac orci phasellus. Egestas quis ipsum suspendisse ultrices gravida dictum fusce ut. Mollis nunc sed id semper risus in. Tellus elementum sagittis vitae et leo duis. Aliquet lectus proin nibh nisl condimentum id. Magna fermentum iaculis eu non diam phasellus vestibulum lorem sed. Luctus venenatis lectus magna fringilla. Consectetur libero id faucibus nisl tincidunt eget nullam non. Vitae congue mauris rhoncus aenean vel. Nunc mattis enim ut tellus. Enim praesent elementum facilisis leo vel fringilla est. Ac orci phasellus egestas tellus rutrum tellus pellentesque. Lectus magna fringilla urna porttitor. Scelerisque felis imperdiet proin fermentum leo vel orci porta non.', '17.jpg', 27, now(), now());

insert into annonce (ann_id, use_id, ann_nom, ann_prix, ann_description, ann_photo, ann_nombre_consultation, ann_create_at, ann_update_at)
values (18, 3, 'Appartement 5 pièces 139 m²', 831000, 'Lorem ipsum dolor sit amet, consectetur adipiscing elit, sed do eiusmod tempor incididunt ut labore et dolore magna aliqua. Vel fringilla est ullamcorper eget nulla facilisi etiam dignissim diam. Egestas congue quisque egestas diam in arcu cursus. Sagittis nisl rhoncus mattis rhoncus urna neque. Amet consectetur adipiscing elit duis tristique. Neque gravida in fermentum et. Mollis nunc sed id semper risus in hendrerit. Malesuada fames ac turpis egestas integer eget aliquet nibh praesent. Integer enim neque volutpat ac tincidunt. Nulla aliquet porttitor lacus luctus accumsan. In fermentum et sollicitudin ac orci phasellus egestas tellus. Aliquet bibendum enim facilisis gravida neque convallis. Fusce ut placerat orci nulla pellentesque dignissim enim sit amet. Sed euismod nisi porta lorem mollis aliquam ut. Eget nulla facilisi etiam dignissim diam quis. Viverra mauris in aliquam sem fringilla ut morbi tincidunt. Tristique senectus et netus et. Consequat mauris nunc congue nisi vitae suscipit tellus. Augue neque gravida in fermentum et. Sed enim ut sem viverra aliquet eget sit amet. Pellentesque eu tincidunt tortor aliquam nulla facilisi cras fermentum. Enim eu turpis egestas pretium aenean. Aliquam purus sit amet luctus venenatis lectus magna. Vitae tempus quam pellentesque nec nam aliquam sem. Suscipit adipiscing bibendum est ultricies integer quis auctor elit sed. Neque gravida in fermentum et sollicitudin ac orci phasellus. Egestas quis ipsum suspendisse ultrices gravida dictum fusce ut. Mollis nunc sed id semper risus in. Tellus elementum sagittis vitae et leo duis. Aliquet lectus proin nibh nisl condimentum id. Magna fermentum iaculis eu non diam phasellus vestibulum lorem sed. Luctus venenatis lectus magna fringilla. Consectetur libero id faucibus nisl tincidunt eget nullam non. Vitae congue mauris rhoncus aenean vel. Nunc mattis enim ut tellus. Enim praesent elementum facilisis leo vel fringilla est. Ac orci phasellus egestas tellus rutrum tellus pellentesque. Lectus magna fringilla urna porttitor. Scelerisque felis imperdiet proin fermentum leo vel orci porta non.', '18.jpg', 38, now(), now());

insert into annonce (ann_id, use_id, ann_nom, ann_prix, ann_description, ann_photo, ann_nombre_consultation, ann_create_at, ann_update_at)
values (19, 4, 'Appartement 4 pièces 100 m²', 550000, 'Lorem ipsum dolor sit amet, consectetur adipiscing elit, sed do eiusmod tempor incididunt ut labore et dolore magna aliqua. Vel fringilla est ullamcorper eget nulla facilisi etiam dignissim diam. Egestas congue quisque egestas diam in arcu cursus. Sagittis nisl rhoncus mattis rhoncus urna neque. Amet consectetur adipiscing elit duis tristique. Neque gravida in fermentum et. Mollis nunc sed id semper risus in hendrerit. Malesuada fames ac turpis egestas integer eget aliquet nibh praesent. Integer enim neque volutpat ac tincidunt. Nulla aliquet porttitor lacus luctus accumsan. In fermentum et sollicitudin ac orci phasellus egestas tellus. Aliquet bibendum enim facilisis gravida neque convallis. Fusce ut placerat orci nulla pellentesque dignissim enim sit amet. Sed euismod nisi porta lorem mollis aliquam ut. Eget nulla facilisi etiam dignissim diam quis. Viverra mauris in aliquam sem fringilla ut morbi tincidunt. Tristique senectus et netus et. Consequat mauris nunc congue nisi vitae suscipit tellus. Augue neque gravida in fermentum et. Sed enim ut sem viverra aliquet eget sit amet. Pellentesque eu tincidunt tortor aliquam nulla facilisi cras fermentum. Enim eu turpis egestas pretium aenean. Aliquam purus sit amet luctus venenatis lectus magna. Vitae tempus quam pellentesque nec nam aliquam sem. Suscipit adipiscing bibendum est ultricies integer quis auctor elit sed. Neque gravida in fermentum et sollicitudin ac orci phasellus. Egestas quis ipsum suspendisse ultrices gravida dictum fusce ut. Mollis nunc sed id semper risus in. Tellus elementum sagittis vitae et leo duis. Aliquet lectus proin nibh nisl condimentum id. Magna fermentum iaculis eu non diam phasellus vestibulum lorem sed. Luctus venenatis lectus magna fringilla. Consectetur libero id faucibus nisl tincidunt eget nullam non. Vitae congue mauris rhoncus aenean vel. Nunc mattis enim ut tellus. Enim praesent elementum facilisis leo vel fringilla est. Ac orci phasellus egestas tellus rutrum tellus pellentesque. Lectus magna fringilla urna porttitor. Scelerisque felis imperdiet proin fermentum leo vel orci porta non.', '19.jpg', 28, now(), now());

insert into annonce (ann_id, use_id, ann_nom, ann_prix, ann_description, ann_photo, ann_nombre_consultation, ann_create_at, ann_update_at)
values (20, 4, 'Appartement 7 pièces 122 m²', 910000, 'Lorem ipsum dolor sit amet, consectetur adipiscing elit, sed do eiusmod tempor incididunt ut labore et dolore magna aliqua. Vel fringilla est ullamcorper eget nulla facilisi etiam dignissim diam. Egestas congue quisque egestas diam in arcu cursus. Sagittis nisl rhoncus mattis rhoncus urna neque. Amet consectetur adipiscing elit duis tristique. Neque gravida in fermentum et. Mollis nunc sed id semper risus in hendrerit. Malesuada fames ac turpis egestas integer eget aliquet nibh praesent. Integer enim neque volutpat ac tincidunt. Nulla aliquet porttitor lacus luctus accumsan. In fermentum et sollicitudin ac orci phasellus egestas tellus. Aliquet bibendum enim facilisis gravida neque convallis. Fusce ut placerat orci nulla pellentesque dignissim enim sit amet. Sed euismod nisi porta lorem mollis aliquam ut. Eget nulla facilisi etiam dignissim diam quis. Viverra mauris in aliquam sem fringilla ut morbi tincidunt. Tristique senectus et netus et. Consequat mauris nunc congue nisi vitae suscipit tellus. Augue neque gravida in fermentum et. Sed enim ut sem viverra aliquet eget sit amet. Pellentesque eu tincidunt tortor aliquam nulla facilisi cras fermentum. Enim eu turpis egestas pretium aenean. Aliquam purus sit amet luctus venenatis lectus magna. Vitae tempus quam pellentesque nec nam aliquam sem. Suscipit adipiscing bibendum est ultricies integer quis auctor elit sed. Neque gravida in fermentum et sollicitudin ac orci phasellus. Egestas quis ipsum suspendisse ultrices gravida dictum fusce ut. Mollis nunc sed id semper risus in. Tellus elementum sagittis vitae et leo duis. Aliquet lectus proin nibh nisl condimentum id. Magna fermentum iaculis eu non diam phasellus vestibulum lorem sed. Luctus venenatis lectus magna fringilla. Consectetur libero id faucibus nisl tincidunt eget nullam non. Vitae congue mauris rhoncus aenean vel. Nunc mattis enim ut tellus. Enim praesent elementum facilisis leo vel fringilla est. Ac orci phasellus egestas tellus rutrum tellus pellentesque. Lectus magna fringilla urna porttitor. Scelerisque felis imperdiet proin fermentum leo vel orci porta non.', '20.jpg', 48, now(), now());

insert into annonce (ann_id, use_id, ann_nom, ann_prix, ann_description, ann_photo, ann_nombre_consultation, ann_create_at, ann_update_at)
values (21, 4, 'Maison neuve', 1300000, 'Lorem ipsum dolor sit amet, consectetur adipiscing elit, sed do eiusmod tempor incididunt ut labore et dolore magna aliqua. Vel fringilla est ullamcorper eget nulla facilisi etiam dignissim diam. Egestas congue quisque egestas diam in arcu cursus. Sagittis nisl rhoncus mattis rhoncus urna neque. Amet consectetur adipiscing elit duis tristique. Neque gravida in fermentum et. Mollis nunc sed id semper risus in hendrerit. Malesuada fames ac turpis egestas integer eget aliquet nibh praesent. Integer enim neque volutpat ac tincidunt. Nulla aliquet porttitor lacus luctus accumsan. In fermentum et sollicitudin ac orci phasellus egestas tellus. Aliquet bibendum enim facilisis gravida neque convallis. Fusce ut placerat orci nulla pellentesque dignissim enim sit amet. Sed euismod nisi porta lorem mollis aliquam ut. Eget nulla facilisi etiam dignissim diam quis. Viverra mauris in aliquam sem fringilla ut morbi tincidunt. Tristique senectus et netus et. Consequat mauris nunc congue nisi vitae suscipit tellus. Augue neque gravida in fermentum et. Sed enim ut sem viverra aliquet eget sit amet. Pellentesque eu tincidunt tortor aliquam nulla facilisi cras fermentum. Enim eu turpis egestas pretium aenean. Aliquam purus sit amet luctus venenatis lectus magna. Vitae tempus quam pellentesque nec nam aliquam sem. Suscipit adipiscing bibendum est ultricies integer quis auctor elit sed. Neque gravida in fermentum et sollicitudin ac orci phasellus. Egestas quis ipsum suspendisse ultrices gravida dictum fusce ut. Mollis nunc sed id semper risus in. Tellus elementum sagittis vitae et leo duis. Aliquet lectus proin nibh nisl condimentum id. Magna fermentum iaculis eu non diam phasellus vestibulum lorem sed. Luctus venenatis lectus magna fringilla. Consectetur libero id faucibus nisl tincidunt eget nullam non. Vitae congue mauris rhoncus aenean vel. Nunc mattis enim ut tellus. Enim praesent elementum facilisis leo vel fringilla est. Ac orci phasellus egestas tellus rutrum tellus pellentesque. Lectus magna fringilla urna porttitor. Scelerisque felis imperdiet proin fermentum leo vel orci porta non.', '21.jpg', 39, now(), now());

insert into annonce (ann_id, use_id, ann_nom, ann_prix, ann_description, ann_photo, ann_nombre_consultation, ann_create_at, ann_update_at)
values (22, 4, 'Maison à Guichainville', 750000, 'Lorem ipsum dolor sit amet, consectetur adipiscing elit, sed do eiusmod tempor incididunt ut labore et dolore magna aliqua. Vel fringilla est ullamcorper eget nulla facilisi etiam dignissim diam. Egestas congue quisque egestas diam in arcu cursus. Sagittis nisl rhoncus mattis rhoncus urna neque. Amet consectetur adipiscing elit duis tristique. Neque gravida in fermentum et. Mollis nunc sed id semper risus in hendrerit. Malesuada fames ac turpis egestas integer eget aliquet nibh praesent. Integer enim neque volutpat ac tincidunt. Nulla aliquet porttitor lacus luctus accumsan. In fermentum et sollicitudin ac orci phasellus egestas tellus. Aliquet bibendum enim facilisis gravida neque convallis. Fusce ut placerat orci nulla pellentesque dignissim enim sit amet. Sed euismod nisi porta lorem mollis aliquam ut. Eget nulla facilisi etiam dignissim diam quis. Viverra mauris in aliquam sem fringilla ut morbi tincidunt. Tristique senectus et netus et. Consequat mauris nunc congue nisi vitae suscipit tellus. Augue neque gravida in fermentum et. Sed enim ut sem viverra aliquet eget sit amet. Pellentesque eu tincidunt tortor aliquam nulla facilisi cras fermentum. Enim eu turpis egestas pretium aenean. Aliquam purus sit amet luctus venenatis lectus magna. Vitae tempus quam pellentesque nec nam aliquam sem. Suscipit adipiscing bibendum est ultricies integer quis auctor elit sed. Neque gravida in fermentum et sollicitudin ac orci phasellus. Egestas quis ipsum suspendisse ultrices gravida dictum fusce ut. Mollis nunc sed id semper risus in. Tellus elementum sagittis vitae et leo duis. Aliquet lectus proin nibh nisl condimentum id. Magna fermentum iaculis eu non diam phasellus vestibulum lorem sed. Luctus venenatis lectus magna fringilla. Consectetur libero id faucibus nisl tincidunt eget nullam non. Vitae congue mauris rhoncus aenean vel. Nunc mattis enim ut tellus. Enim praesent elementum facilisis leo vel fringilla est. Ac orci phasellus egestas tellus rutrum tellus pellentesque. Lectus magna fringilla urna porttitor. Scelerisque felis imperdiet proin fermentum leo vel orci porta non.', '22.jpg', 29, now(), now());

insert into annonce (ann_id, use_id, ann_nom, ann_prix, ann_description, ann_photo, ann_nombre_consultation, ann_create_at, ann_update_at)
values (23, 4, 'Charmante maison familiale', 580000, 'Lorem ipsum dolor sit amet, consectetur adipiscing elit, sed do eiusmod tempor incididunt ut labore et dolore magna aliqua. Vel fringilla est ullamcorper eget nulla facilisi etiam dignissim diam. Egestas congue quisque egestas diam in arcu cursus. Sagittis nisl rhoncus mattis rhoncus urna neque. Amet consectetur adipiscing elit duis tristique. Neque gravida in fermentum et. Mollis nunc sed id semper risus in hendrerit. Malesuada fames ac turpis egestas integer eget aliquet nibh praesent. Integer enim neque volutpat ac tincidunt. Nulla aliquet porttitor lacus luctus accumsan. In fermentum et sollicitudin ac orci phasellus egestas tellus. Aliquet bibendum enim facilisis gravida neque convallis. Fusce ut placerat orci nulla pellentesque dignissim enim sit amet. Sed euismod nisi porta lorem mollis aliquam ut. Eget nulla facilisi etiam dignissim diam quis. Viverra mauris in aliquam sem fringilla ut morbi tincidunt. Tristique senectus et netus et. Consequat mauris nunc congue nisi vitae suscipit tellus. Augue neque gravida in fermentum et. Sed enim ut sem viverra aliquet eget sit amet. Pellentesque eu tincidunt tortor aliquam nulla facilisi cras fermentum. Enim eu turpis egestas pretium aenean. Aliquam purus sit amet luctus venenatis lectus magna. Vitae tempus quam pellentesque nec nam aliquam sem. Suscipit adipiscing bibendum est ultricies integer quis auctor elit sed. Neque gravida in fermentum et sollicitudin ac orci phasellus. Egestas quis ipsum suspendisse ultrices gravida dictum fusce ut. Mollis nunc sed id semper risus in. Tellus elementum sagittis vitae et leo duis. Aliquet lectus proin nibh nisl condimentum id. Magna fermentum iaculis eu non diam phasellus vestibulum lorem sed. Luctus venenatis lectus magna fringilla. Consectetur libero id faucibus nisl tincidunt eget nullam non. Vitae congue mauris rhoncus aenean vel. Nunc mattis enim ut tellus. Enim praesent elementum facilisis leo vel fringilla est. Ac orci phasellus egestas tellus rutrum tellus pellentesque. Lectus magna fringilla urna porttitor. Scelerisque felis imperdiet proin fermentum leo vel orci porta non.', '23.jpg', 10, now(), now());

insert into annonce (ann_id, use_id, ann_nom, ann_prix, ann_description, ann_photo, ann_nombre_consultation, ann_create_at, ann_update_at)
values (24, 4, 'Maison de luxe Lomé', 1500000, 'Lorem ipsum dolor sit amet, consectetur adipiscing elit, sed do eiusmod tempor incididunt ut labore et dolore magna aliqua. Vel fringilla est ullamcorper eget nulla facilisi etiam dignissim diam. Egestas congue quisque egestas diam in arcu cursus. Sagittis nisl rhoncus mattis rhoncus urna neque. Amet consectetur adipiscing elit duis tristique. Neque gravida in fermentum et. Mollis nunc sed id semper risus in hendrerit. Malesuada fames ac turpis egestas integer eget aliquet nibh praesent. Integer enim neque volutpat ac tincidunt. Nulla aliquet porttitor lacus luctus accumsan. In fermentum et sollicitudin ac orci phasellus egestas tellus. Aliquet bibendum enim facilisis gravida neque convallis. Fusce ut placerat orci nulla pellentesque dignissim enim sit amet. Sed euismod nisi porta lorem mollis aliquam ut. Eget nulla facilisi etiam dignissim diam quis. Viverra mauris in aliquam sem fringilla ut morbi tincidunt. Tristique senectus et netus et. Consequat mauris nunc congue nisi vitae suscipit tellus. Augue neque gravida in fermentum et. Sed enim ut sem viverra aliquet eget sit amet. Pellentesque eu tincidunt tortor aliquam nulla facilisi cras fermentum. Enim eu turpis egestas pretium aenean. Aliquam purus sit amet luctus venenatis lectus magna. Vitae tempus quam pellentesque nec nam aliquam sem. Suscipit adipiscing bibendum est ultricies integer quis auctor elit sed. Neque gravida in fermentum et sollicitudin ac orci phasellus. Egestas quis ipsum suspendisse ultrices gravida dictum fusce ut. Mollis nunc sed id semper risus in. Tellus elementum sagittis vitae et leo duis. Aliquet lectus proin nibh nisl condimentum id. Magna fermentum iaculis eu non diam phasellus vestibulum lorem sed. Luctus venenatis lectus magna fringilla. Consectetur libero id faucibus nisl tincidunt eget nullam non. Vitae congue mauris rhoncus aenean vel. Nunc mattis enim ut tellus. Enim praesent elementum facilisis leo vel fringilla est. Ac orci phasellus egestas tellus rutrum tellus pellentesque. Lectus magna fringilla urna porttitor. Scelerisque felis imperdiet proin fermentum leo vel orci porta non.', '24.jpg', 50, now(), now());



/*==============================================================*/
/* Table : categorie                                            */
/*==============================================================*/
insert into categorie (cat_id, cat_libelle)
values (1, 'Informatique');
insert into categorie (cat_id, cat_libelle)
values (2, 'Electro-ménager');
insert into categorie (cat_id, cat_libelle)
values (3, 'Immobilier');


/*==============================================================*/
/* Table : categorie_annonce                                    */
/*==============================================================*/
insert into categorie_annonce (ann_id, cat_id)
values (1, 3);
insert into categorie_annonce (ann_id, cat_id)
values (2, 1);
insert into categorie_annonce (ann_id, cat_id)
values (3, 1);
insert into categorie_annonce (ann_id, cat_id)
values (4, 1);
insert into categorie_annonce (ann_id, cat_id)
values (5, 1);
insert into categorie_annonce (ann_id, cat_id)
values (6, 1);
insert into categorie_annonce (ann_id, cat_id)
values (7, 1);
insert into categorie_annonce (ann_id, cat_id)
values (8, 1);
insert into categorie_annonce (ann_id, cat_id)
values (9, 2);
insert into categorie_annonce (ann_id, cat_id)
values (10, 2);
insert into categorie_annonce (ann_id, cat_id)
values (11, 2);
insert into categorie_annonce (ann_id, cat_id)
values (12, 2);
insert into categorie_annonce (ann_id, cat_id)
values (13, 2);
insert into categorie_annonce (ann_id, cat_id)
values (14, 2);
insert into categorie_annonce (ann_id, cat_id)
values (15, 2);
insert into categorie_annonce (ann_id, cat_id)
values (16, 2);
insert into categorie_annonce (ann_id, cat_id)
values (17, 3);
insert into categorie_annonce (ann_id, cat_id)
values (18, 3);
insert into categorie_annonce (ann_id, cat_id)
values (19, 3);
insert into categorie_annonce (ann_id, cat_id)
values (20, 3);
insert into categorie_annonce (ann_id, cat_id)
values (21, 3);
insert into categorie_annonce (ann_id, cat_id)
values (22, 3);
insert into categorie_annonce (ann_id, cat_id)
values (23, 3);
insert into categorie_annonce (ann_id, cat_id)
values (24, 3);

/*==============================================================*/
/* Table : favoris                                            	*/
/*==============================================================*/
insert into favoris (fav_id, ann_id, use_id)
values (1, 1, 1);
insert into favoris (fav_id, ann_id, use_id)
values (2, 2, 2);
insert into favoris (fav_id, ann_id, use_id)
values (3, 3, 3);
insert into favoris (fav_id, ann_id, use_id)
values (4, 4, 4);
insert into favoris (fav_id, ann_id, use_id)
values (5, 5, 1);
insert into favoris (fav_id, ann_id, use_id)
values (6, 6, 2);
insert into favoris (fav_id, ann_id, use_id)
values (7, 7, 3);
insert into favoris (fav_id, ann_id, use_id)
values (8, 8, 4);
insert into favoris (fav_id, ann_id, use_id)
values (9, 9, 1);
insert into favoris (fav_id, ann_id, use_id)
values (10, 10, 2);
insert into favoris (fav_id, ann_id, use_id)
values (11, 11, 3);
insert into favoris (fav_id, ann_id, use_id)
values (12, 12, 4);
insert into favoris (fav_id, ann_id, use_id)
values (13, 13, 1);
insert into favoris (fav_id, ann_id, use_id)
values (14, 14, 2);
insert into favoris (fav_id, ann_id, use_id)
values (15, 15, 3);
insert into favoris (fav_id, ann_id, use_id)
values (16, 16, 4);
insert into favoris (fav_id, ann_id, use_id)
values (17, 17, 1);
insert into favoris (fav_id, ann_id, use_id)
values (18, 18, 2);
insert into favoris (fav_id, ann_id, use_id)
values (19, 19, 3);
insert into favoris (fav_id, ann_id, use_id)
values (20, 20, 4);
insert into favoris (fav_id, ann_id, use_id)
values (21, 21, 1);
insert into favoris (fav_id, ann_id, use_id)
values (22, 22, 2);
insert into favoris (fav_id, ann_id, use_id)
values (23, 23, 3);
insert into favoris (fav_id, ann_id, use_id)
values (24, 24, 4);

/*==============================================================*/
/* Table : conversation	                                            */
/*==============================================================*/
insert into conversation (ann_id, con_user_id, con_seller_id, con_create_at)
values (1, 2, 1, '2023-01-14 7:0:0');
insert into conversation (ann_id, con_user_id, con_seller_id, con_create_at)
values (1, 4, 1, '2023-01-14 7:20:0');
insert into conversation (ann_id, con_user_id, con_seller_id, con_create_at)
values (7, 3, 2, '2023-01-14 7:0:0');
insert into conversation (ann_id, con_user_id, con_seller_id, con_create_at)
values (7, 1, 2, '2023-01-14 7:0:0');

/*==============================================================*/
/* Table : message	                                            */
/*==============================================================*/
insert into message (con_id, mes_sender_id, use_receiver_id, mes_content, mes_create_at)
values (1, 2, 1, 'message envoyé user 2 / message reçu user 1', '2023-01-14 7:0:0');
insert into message (con_id, mes_sender_id, use_receiver_id, mes_content, mes_create_at)
values (1, 1, 2, 'message envoyé user 1 / message reçu user 2', '2023-01-18 8:26:0');
insert into message (con_id, mes_sender_id, use_receiver_id, mes_content, mes_create_at)
values (1, 2, 1, 'message envoyé user 2 / message reçu user 1', '2023-01-18 9:28:0');
insert into message (con_id, mes_sender_id, use_receiver_id, mes_content, mes_create_at)
values (2, 4, 1, 'message envoyé user 4 / message reçu user 1', '2023-01-20 7:0:0');
insert into message (con_id, mes_sender_id, use_receiver_id, mes_content, mes_create_at)
values (2, 1, 4, 'message envoyé user 1 / message reçu user 4', '2023-01-20 7:23:0');
insert into message (con_id, mes_sender_id, use_receiver_id, mes_content, mes_create_at)
values (4, 1, 2, 'message envoyé user 1 / message reçu user 2', '2023-01-20 7:27:0');
insert into message (con_id, mes_sender_id, use_receiver_id, mes_content, mes_create_at)
values (4, 2, 1, 'message envoyé user 2 / message reçu user 1', '2023-01-26 8:0:0');


