-- Suppression des anciens données dans les tables

SET FOREIGN_KEY_CHECKS = 0;

truncate table categorie_annonce;

truncate table message;

truncate table favoris;

truncate table categorie;

truncate table conversation;

truncate table annonce;

truncate table user;

SET FOREIGN_KEY_CHECKS = 1;


/*==============================================================*/
/* Table : user                                              	*/
/*==============================================================*/
insert into user (use_id, use_email, use_password)
values (1, 'jean@gmail.com', 'f6fdffe48c908deb0f4c3bd36c032e72');
insert into user (use_id, use_email, use_password)
values (2, 'christ@gmail.com', '21232f297a57a5a743894a0e4a801fc3');
insert into user (use_id, use_email, use_password)
values (3, 'peggy@gmail.com', '21232f297a57a5a743894a0e4a801fc3');
insert into user (use_id, use_email, use_password)
values (4, 'joanendg@gmail.com', '6dfed4000c9c7cd74e41f1fe79057230');

/*==============================================================*/
/* Table : annonce                                              */
/*==============================================================*/
insert into annonce (ann_id, use_id, ann_nom, ann_prix, ann_description, ann_photo, ann_nombre_consultation, ann_create_at, ann_update_at)
values (1, 1, 'nom1', 15, 'Lorem ipsum dolor sit amet, consectetur adipiscing elit, sed do eiusmod tempor incididunt ut labore et dolore magna aliqua. Vel fringilla est ullamcorper eget nulla facilisi etiam dignissim diam. Egestas congue quisque egestas diam in arcu cursus. Sagittis nisl rhoncus mattis rhoncus urna neque. Amet consectetur adipiscing elit duis tristique. Neque gravida in fermentum et. Mollis nunc sed id semper risus in hendrerit. Malesuada fames ac turpis egestas integer eget aliquet nibh praesent. Integer enim neque volutpat ac tincidunt. Nulla aliquet porttitor lacus luctus accumsan. In fermentum et sollicitudin ac orci phasellus egestas tellus. Aliquet bibendum enim facilisis gravida neque convallis. Fusce ut placerat orci nulla pellentesque dignissim enim sit amet. Sed euismod nisi porta lorem mollis aliquam ut. Eget nulla facilisi etiam dignissim diam quis. Viverra mauris in aliquam sem fringilla ut morbi tincidunt. Tristique senectus et netus et. Consequat mauris nunc congue nisi vitae suscipit tellus. Augue neque gravida in fermentum et. Sed enim ut sem viverra aliquet eget sit amet. Pellentesque eu tincidunt tortor aliquam nulla facilisi cras fermentum. Enim eu turpis egestas pretium aenean. Aliquam purus sit amet luctus venenatis lectus magna. Vitae tempus quam pellentesque nec nam aliquam sem. Suscipit adipiscing bibendum est ultricies integer quis auctor elit sed. Neque gravida in fermentum et sollicitudin ac orci phasellus. Egestas quis ipsum suspendisse ultrices gravida dictum fusce ut. Mollis nunc sed id semper risus in. Tellus elementum sagittis vitae et leo duis. Aliquet lectus proin nibh nisl condimentum id. Magna fermentum iaculis eu non diam phasellus vestibulum lorem sed. Luctus venenatis lectus magna fringilla. Consectetur libero id faucibus nisl tincidunt eget nullam non. Vitae congue mauris rhoncus aenean vel. Nunc mattis enim ut tellus. Enim praesent elementum facilisis leo vel fringilla est. Ac orci phasellus egestas tellus rutrum tellus pellentesque. Lectus magna fringilla urna porttitor. Scelerisque felis imperdiet proin fermentum leo vel orci porta non.', '1.jpeg', 1, '1740-8-9 17:15:35', '1740-8-9 17:15:35');

insert into annonce (ann_id, use_id, ann_nom, ann_prix, ann_description, ann_photo, ann_nombre_consultation, ann_create_at, ann_update_at)
values (2, 1, 'nom2', 16, 'Lorem ipsum dolor sit amet, consectetur adipiscing elit, sed do eiusmod tempor incididunt ut labore et dolore magna aliqua. Vel fringilla est ullamcorper eget nulla facilisi etiam dignissim diam. Egestas congue quisque egestas diam in arcu cursus. Sagittis nisl rhoncus mattis rhoncus urna neque. Amet consectetur adipiscing elit duis tristique. Neque gravida in fermentum et. Mollis nunc sed id semper risus in hendrerit. Malesuada fames ac turpis egestas integer eget aliquet nibh praesent. Integer enim neque volutpat ac tincidunt. Nulla aliquet porttitor lacus luctus accumsan. In fermentum et sollicitudin ac orci phasellus egestas tellus. Aliquet bibendum enim facilisis gravida neque convallis. Fusce ut placerat orci nulla pellentesque dignissim enim sit amet. Sed euismod nisi porta lorem mollis aliquam ut. Eget nulla facilisi etiam dignissim diam quis. Viverra mauris in aliquam sem fringilla ut morbi tincidunt. Tristique senectus et netus et. Consequat mauris nunc congue nisi vitae suscipit tellus. Augue neque gravida in fermentum et. Sed enim ut sem viverra aliquet eget sit amet. Pellentesque eu tincidunt tortor aliquam nulla facilisi cras fermentum. Enim eu turpis egestas pretium aenean. Aliquam purus sit amet luctus venenatis lectus magna. Vitae tempus quam pellentesque nec nam aliquam sem. Suscipit adipiscing bibendum est ultricies integer quis auctor elit sed. Neque gravida in fermentum et sollicitudin ac orci phasellus. Egestas quis ipsum suspendisse ultrices gravida dictum fusce ut. Mollis nunc sed id semper risus in. Tellus elementum sagittis vitae et leo duis. Aliquet lectus proin nibh nisl condimentum id. Magna fermentum iaculis eu non diam phasellus vestibulum lorem sed. Luctus venenatis lectus magna fringilla. Consectetur libero id faucibus nisl tincidunt eget nullam non. Vitae congue mauris rhoncus aenean vel. Nunc mattis enim ut tellus. Enim praesent elementum facilisis leo vel fringilla est. Ac orci phasellus egestas tellus rutrum tellus pellentesque. Lectus magna fringilla urna porttitor. Scelerisque felis imperdiet proin fermentum leo vel orci porta non.', '2.jpeg', 1, now(), now());

insert into annonce (ann_id, use_id, ann_nom, ann_prix, ann_description, ann_photo, ann_nombre_consultation, ann_create_at, ann_update_at)
values (3, 1, 'nom3', 17, 'Lorem ipsum dolor sit amet, consectetur adipiscing elit, sed do eiusmod tempor incididunt ut labore et dolore magna aliqua. Vel fringilla est ullamcorper eget nulla facilisi etiam dignissim diam. Egestas congue quisque egestas diam in arcu cursus. Sagittis nisl rhoncus mattis rhoncus urna neque. Amet consectetur adipiscing elit duis tristique. Neque gravida in fermentum et. Mollis nunc sed id semper risus in hendrerit. Malesuada fames ac turpis egestas integer eget aliquet nibh praesent. Integer enim neque volutpat ac tincidunt. Nulla aliquet porttitor lacus luctus accumsan. In fermentum et sollicitudin ac orci phasellus egestas tellus. Aliquet bibendum enim facilisis gravida neque convallis. Fusce ut placerat orci nulla pellentesque dignissim enim sit amet. Sed euismod nisi porta lorem mollis aliquam ut. Eget nulla facilisi etiam dignissim diam quis. Viverra mauris in aliquam sem fringilla ut morbi tincidunt. Tristique senectus et netus et. Consequat mauris nunc congue nisi vitae suscipit tellus. Augue neque gravida in fermentum et. Sed enim ut sem viverra aliquet eget sit amet. Pellentesque eu tincidunt tortor aliquam nulla facilisi cras fermentum. Enim eu turpis egestas pretium aenean. Aliquam purus sit amet luctus venenatis lectus magna. Vitae tempus quam pellentesque nec nam aliquam sem. Suscipit adipiscing bibendum est ultricies integer quis auctor elit sed. Neque gravida in fermentum et sollicitudin ac orci phasellus. Egestas quis ipsum suspendisse ultrices gravida dictum fusce ut. Mollis nunc sed id semper risus in. Tellus elementum sagittis vitae et leo duis. Aliquet lectus proin nibh nisl condimentum id. Magna fermentum iaculis eu non diam phasellus vestibulum lorem sed. Luctus venenatis lectus magna fringilla. Consectetur libero id faucibus nisl tincidunt eget nullam non. Vitae congue mauris rhoncus aenean vel. Nunc mattis enim ut tellus. Enim praesent elementum facilisis leo vel fringilla est. Ac orci phasellus egestas tellus rutrum tellus pellentesque. Lectus magna fringilla urna porttitor. Scelerisque felis imperdiet proin fermentum leo vel orci porta non.', '3.jpeg', 2, now(), now());

insert into annonce (ann_id, use_id, ann_nom, ann_prix, ann_description, ann_photo, ann_nombre_consultation, ann_create_at, ann_update_at)
values (4, 1, 'nom4', 18, 'Lorem ipsum dolor sit amet, consectetur adipiscing elit, sed do eiusmod tempor incididunt ut labore et dolore magna aliqua. Vel fringilla est ullamcorper eget nulla facilisi etiam dignissim diam. Egestas congue quisque egestas diam in arcu cursus. Sagittis nisl rhoncus mattis rhoncus urna neque. Amet consectetur adipiscing elit duis tristique. Neque gravida in fermentum et. Mollis nunc sed id semper risus in hendrerit. Malesuada fames ac turpis egestas integer eget aliquet nibh praesent. Integer enim neque volutpat ac tincidunt. Nulla aliquet porttitor lacus luctus accumsan. In fermentum et sollicitudin ac orci phasellus egestas tellus. Aliquet bibendum enim facilisis gravida neque convallis. Fusce ut placerat orci nulla pellentesque dignissim enim sit amet. Sed euismod nisi porta lorem mollis aliquam ut. Eget nulla facilisi etiam dignissim diam quis. Viverra mauris in aliquam sem fringilla ut morbi tincidunt. Tristique senectus et netus et. Consequat mauris nunc congue nisi vitae suscipit tellus. Augue neque gravida in fermentum et. Sed enim ut sem viverra aliquet eget sit amet. Pellentesque eu tincidunt tortor aliquam nulla facilisi cras fermentum. Enim eu turpis egestas pretium aenean. Aliquam purus sit amet luctus venenatis lectus magna. Vitae tempus quam pellentesque nec nam aliquam sem. Suscipit adipiscing bibendum est ultricies integer quis auctor elit sed. Neque gravida in fermentum et sollicitudin ac orci phasellus. Egestas quis ipsum suspendisse ultrices gravida dictum fusce ut. Mollis nunc sed id semper risus in. Tellus elementum sagittis vitae et leo duis. Aliquet lectus proin nibh nisl condimentum id. Magna fermentum iaculis eu non diam phasellus vestibulum lorem sed. Luctus venenatis lectus magna fringilla. Consectetur libero id faucibus nisl tincidunt eget nullam non. Vitae congue mauris rhoncus aenean vel. Nunc mattis enim ut tellus. Enim praesent elementum facilisis leo vel fringilla est. Ac orci phasellus egestas tellus rutrum tellus pellentesque. Lectus magna fringilla urna porttitor. Scelerisque felis imperdiet proin fermentum leo vel orci porta non.', '4.jpeg', 3, now(), now());

insert into annonce (ann_id, use_id, ann_nom, ann_prix, ann_description, ann_photo, ann_nombre_consultation, ann_create_at, ann_update_at)
values (5, 1, 'nom5', 19, 'Lorem ipsum dolor sit amet, consectetur adipiscing elit, sed do eiusmod tempor incididunt ut labore et dolore magna aliqua. Vel fringilla est ullamcorper eget nulla facilisi etiam dignissim diam. Egestas congue quisque egestas diam in arcu cursus. Sagittis nisl rhoncus mattis rhoncus urna neque. Amet consectetur adipiscing elit duis tristique. Neque gravida in fermentum et. Mollis nunc sed id semper risus in hendrerit. Malesuada fames ac turpis egestas integer eget aliquet nibh praesent. Integer enim neque volutpat ac tincidunt. Nulla aliquet porttitor lacus luctus accumsan. In fermentum et sollicitudin ac orci phasellus egestas tellus. Aliquet bibendum enim facilisis gravida neque convallis. Fusce ut placerat orci nulla pellentesque dignissim enim sit amet. Sed euismod nisi porta lorem mollis aliquam ut. Eget nulla facilisi etiam dignissim diam quis. Viverra mauris in aliquam sem fringilla ut morbi tincidunt. Tristique senectus et netus et. Consequat mauris nunc congue nisi vitae suscipit tellus. Augue neque gravida in fermentum et. Sed enim ut sem viverra aliquet eget sit amet. Pellentesque eu tincidunt tortor aliquam nulla facilisi cras fermentum. Enim eu turpis egestas pretium aenean. Aliquam purus sit amet luctus venenatis lectus magna. Vitae tempus quam pellentesque nec nam aliquam sem. Suscipit adipiscing bibendum est ultricies integer quis auctor elit sed. Neque gravida in fermentum et sollicitudin ac orci phasellus. Egestas quis ipsum suspendisse ultrices gravida dictum fusce ut. Mollis nunc sed id semper risus in. Tellus elementum sagittis vitae et leo duis. Aliquet lectus proin nibh nisl condimentum id. Magna fermentum iaculis eu non diam phasellus vestibulum lorem sed. Luctus venenatis lectus magna fringilla. Consectetur libero id faucibus nisl tincidunt eget nullam non. Vitae congue mauris rhoncus aenean vel. Nunc mattis enim ut tellus. Enim praesent elementum facilisis leo vel fringilla est. Ac orci phasellus egestas tellus rutrum tellus pellentesque. Lectus magna fringilla urna porttitor. Scelerisque felis imperdiet proin fermentum leo vel orci porta non.', '5.jpeg', 3, now(), now());

insert into annonce (ann_id, use_id, ann_nom, ann_prix, ann_description, ann_photo, ann_nombre_consultation, ann_create_at, ann_update_at)
values (6, 1, 'nom6', 20, 'Lorem ipsum dolor sit amet, consectetur adipiscing elit, sed do eiusmod tempor incididunt ut labore et dolore magna aliqua. Vel fringilla est ullamcorper eget nulla facilisi etiam dignissim diam. Egestas congue quisque egestas diam in arcu cursus. Sagittis nisl rhoncus mattis rhoncus urna neque. Amet consectetur adipiscing elit duis tristique. Neque gravida in fermentum et. Mollis nunc sed id semper risus in hendrerit. Malesuada fames ac turpis egestas integer eget aliquet nibh praesent. Integer enim neque volutpat ac tincidunt. Nulla aliquet porttitor lacus luctus accumsan. In fermentum et sollicitudin ac orci phasellus egestas tellus. Aliquet bibendum enim facilisis gravida neque convallis. Fusce ut placerat orci nulla pellentesque dignissim enim sit amet. Sed euismod nisi porta lorem mollis aliquam ut. Eget nulla facilisi etiam dignissim diam quis. Viverra mauris in aliquam sem fringilla ut morbi tincidunt. Tristique senectus et netus et. Consequat mauris nunc congue nisi vitae suscipit tellus. Augue neque gravida in fermentum et. Sed enim ut sem viverra aliquet eget sit amet. Pellentesque eu tincidunt tortor aliquam nulla facilisi cras fermentum. Enim eu turpis egestas pretium aenean. Aliquam purus sit amet luctus venenatis lectus magna. Vitae tempus quam pellentesque nec nam aliquam sem. Suscipit adipiscing bibendum est ultricies integer quis auctor elit sed. Neque gravida in fermentum et sollicitudin ac orci phasellus. Egestas quis ipsum suspendisse ultrices gravida dictum fusce ut. Mollis nunc sed id semper risus in. Tellus elementum sagittis vitae et leo duis. Aliquet lectus proin nibh nisl condimentum id. Magna fermentum iaculis eu non diam phasellus vestibulum lorem sed. Luctus venenatis lectus magna fringilla. Consectetur libero id faucibus nisl tincidunt eget nullam non. Vitae congue mauris rhoncus aenean vel. Nunc mattis enim ut tellus. Enim praesent elementum facilisis leo vel fringilla est. Ac orci phasellus egestas tellus rutrum tellus pellentesque. Lectus magna fringilla urna porttitor. Scelerisque felis imperdiet proin fermentum leo vel orci porta non.', '6.jpeg', 4, now(), now());

insert into annonce (ann_id, use_id, ann_nom, ann_prix, ann_description, ann_photo, ann_nombre_consultation,ann_create_at, ann_update_at)
values (7, 2, 'nom7', 21, 'Lorem ipsum dolor sit amet, consectetur adipiscing elit, sed do eiusmod tempor incididunt ut labore et dolore magna aliqua. Vel fringilla est ullamcorper eget nulla facilisi etiam dignissim diam. Egestas congue quisque egestas diam in arcu cursus. Sagittis nisl rhoncus mattis rhoncus urna neque. Amet consectetur adipiscing elit duis tristique. Neque gravida in fermentum et. Mollis nunc sed id semper risus in hendrerit. Malesuada fames ac turpis egestas integer eget aliquet nibh praesent. Integer enim neque volutpat ac tincidunt. Nulla aliquet porttitor lacus luctus accumsan. In fermentum et sollicitudin ac orci phasellus egestas tellus. Aliquet bibendum enim facilisis gravida neque convallis. Fusce ut placerat orci nulla pellentesque dignissim enim sit amet. Sed euismod nisi porta lorem mollis aliquam ut. Eget nulla facilisi etiam dignissim diam quis. Viverra mauris in aliquam sem fringilla ut morbi tincidunt. Tristique senectus et netus et. Consequat mauris nunc congue nisi vitae suscipit tellus. Augue neque gravida in fermentum et. Sed enim ut sem viverra aliquet eget sit amet. Pellentesque eu tincidunt tortor aliquam nulla facilisi cras fermentum. Enim eu turpis egestas pretium aenean. Aliquam purus sit amet luctus venenatis lectus magna. Vitae tempus quam pellentesque nec nam aliquam sem. Suscipit adipiscing bibendum est ultricies integer quis auctor elit sed. Neque gravida in fermentum et sollicitudin ac orci phasellus. Egestas quis ipsum suspendisse ultrices gravida dictum fusce ut. Mollis nunc sed id semper risus in. Tellus elementum sagittis vitae et leo duis. Aliquet lectus proin nibh nisl condimentum id. Magna fermentum iaculis eu non diam phasellus vestibulum lorem sed. Luctus venenatis lectus magna fringilla. Consectetur libero id faucibus nisl tincidunt eget nullam non. Vitae congue mauris rhoncus aenean vel. Nunc mattis enim ut tellus. Enim praesent elementum facilisis leo vel fringilla est. Ac orci phasellus egestas tellus rutrum tellus pellentesque. Lectus magna fringilla urna porttitor. Scelerisque felis imperdiet proin fermentum leo vel orci porta non.', '7.jpeg', 4, now(), now());

insert into annonce (ann_id, use_id, ann_nom, ann_prix, ann_description, ann_photo, ann_nombre_consultation, ann_create_at, ann_update_at)
values (8, 2, 'nom8', 22, 'Lorem ipsum dolor sit amet, consectetur adipiscing elit, sed do eiusmod tempor incididunt ut labore et dolore magna aliqua. Vel fringilla est ullamcorper eget nulla facilisi etiam dignissim diam. Egestas congue quisque egestas diam in arcu cursus. Sagittis nisl rhoncus mattis rhoncus urna neque. Amet consectetur adipiscing elit duis tristique. Neque gravida in fermentum et. Mollis nunc sed id semper risus in hendrerit. Malesuada fames ac turpis egestas integer eget aliquet nibh praesent. Integer enim neque volutpat ac tincidunt. Nulla aliquet porttitor lacus luctus accumsan. In fermentum et sollicitudin ac orci phasellus egestas tellus. Aliquet bibendum enim facilisis gravida neque convallis. Fusce ut placerat orci nulla pellentesque dignissim enim sit amet. Sed euismod nisi porta lorem mollis aliquam ut. Eget nulla facilisi etiam dignissim diam quis. Viverra mauris in aliquam sem fringilla ut morbi tincidunt. Tristique senectus et netus et. Consequat mauris nunc congue nisi vitae suscipit tellus. Augue neque gravida in fermentum et. Sed enim ut sem viverra aliquet eget sit amet. Pellentesque eu tincidunt tortor aliquam nulla facilisi cras fermentum. Enim eu turpis egestas pretium aenean. Aliquam purus sit amet luctus venenatis lectus magna. Vitae tempus quam pellentesque nec nam aliquam sem. Suscipit adipiscing bibendum est ultricies integer quis auctor elit sed. Neque gravida in fermentum et sollicitudin ac orci phasellus. Egestas quis ipsum suspendisse ultrices gravida dictum fusce ut. Mollis nunc sed id semper risus in. Tellus elementum sagittis vitae et leo duis. Aliquet lectus proin nibh nisl condimentum id. Magna fermentum iaculis eu non diam phasellus vestibulum lorem sed. Luctus venenatis lectus magna fringilla. Consectetur libero id faucibus nisl tincidunt eget nullam non. Vitae congue mauris rhoncus aenean vel. Nunc mattis enim ut tellus. Enim praesent elementum facilisis leo vel fringilla est. Ac orci phasellus egestas tellus rutrum tellus pellentesque. Lectus magna fringilla urna porttitor. Scelerisque felis imperdiet proin fermentum leo vel orci porta non.', '8.jpeg', 5, now(), now());

insert into annonce (ann_id, use_id, ann_nom, ann_prix, ann_description, ann_photo, ann_nombre_consultation, ann_create_at, ann_update_at)
values (9, 2, 'nom9', 23, 'Lorem ipsum dolor sit amet, consectetur adipiscing elit, sed do eiusmod tempor incididunt ut labore et dolore magna aliqua. Vel fringilla est ullamcorper eget nulla facilisi etiam dignissim diam. Egestas congue quisque egestas diam in arcu cursus. Sagittis nisl rhoncus mattis rhoncus urna neque. Amet consectetur adipiscing elit duis tristique. Neque gravida in fermentum et. Mollis nunc sed id semper risus in hendrerit. Malesuada fames ac turpis egestas integer eget aliquet nibh praesent. Integer enim neque volutpat ac tincidunt. Nulla aliquet porttitor lacus luctus accumsan. In fermentum et sollicitudin ac orci phasellus egestas tellus. Aliquet bibendum enim facilisis gravida neque convallis. Fusce ut placerat orci nulla pellentesque dignissim enim sit amet. Sed euismod nisi porta lorem mollis aliquam ut. Eget nulla facilisi etiam dignissim diam quis. Viverra mauris in aliquam sem fringilla ut morbi tincidunt. Tristique senectus et netus et. Consequat mauris nunc congue nisi vitae suscipit tellus. Augue neque gravida in fermentum et. Sed enim ut sem viverra aliquet eget sit amet. Pellentesque eu tincidunt tortor aliquam nulla facilisi cras fermentum. Enim eu turpis egestas pretium aenean. Aliquam purus sit amet luctus venenatis lectus magna. Vitae tempus quam pellentesque nec nam aliquam sem. Suscipit adipiscing bibendum est ultricies integer quis auctor elit sed. Neque gravida in fermentum et sollicitudin ac orci phasellus. Egestas quis ipsum suspendisse ultrices gravida dictum fusce ut. Mollis nunc sed id semper risus in. Tellus elementum sagittis vitae et leo duis. Aliquet lectus proin nibh nisl condimentum id. Magna fermentum iaculis eu non diam phasellus vestibulum lorem sed. Luctus venenatis lectus magna fringilla. Consectetur libero id faucibus nisl tincidunt eget nullam non. Vitae congue mauris rhoncus aenean vel. Nunc mattis enim ut tellus. Enim praesent elementum facilisis leo vel fringilla est. Ac orci phasellus egestas tellus rutrum tellus pellentesque. Lectus magna fringilla urna porttitor. Scelerisque felis imperdiet proin fermentum leo vel orci porta non.', '9.jpeg', 5, now(), now());

insert into annonce (ann_id, use_id, ann_nom, ann_prix, ann_description, ann_photo, ann_nombre_consultation, ann_create_at, ann_update_at)
values (10, 2, 'nom10', 24, 'Lorem ipsum dolor sit amet, consectetur adipiscing elit, sed do eiusmod tempor incididunt ut labore et dolore magna aliqua. Vel fringilla est ullamcorper eget nulla facilisi etiam dignissim diam. Egestas congue quisque egestas diam in arcu cursus. Sagittis nisl rhoncus mattis rhoncus urna neque. Amet consectetur adipiscing elit duis tristique. Neque gravida in fermentum et. Mollis nunc sed id semper risus in hendrerit. Malesuada fames ac turpis egestas integer eget aliquet nibh praesent. Integer enim neque volutpat ac tincidunt. Nulla aliquet porttitor lacus luctus accumsan. In fermentum et sollicitudin ac orci phasellus egestas tellus. Aliquet bibendum enim facilisis gravida neque convallis. Fusce ut placerat orci nulla pellentesque dignissim enim sit amet. Sed euismod nisi porta lorem mollis aliquam ut. Eget nulla facilisi etiam dignissim diam quis. Viverra mauris in aliquam sem fringilla ut morbi tincidunt. Tristique senectus et netus et. Consequat mauris nunc congue nisi vitae suscipit tellus. Augue neque gravida in fermentum et. Sed enim ut sem viverra aliquet eget sit amet. Pellentesque eu tincidunt tortor aliquam nulla facilisi cras fermentum. Enim eu turpis egestas pretium aenean. Aliquam purus sit amet luctus venenatis lectus magna. Vitae tempus quam pellentesque nec nam aliquam sem. Suscipit adipiscing bibendum est ultricies integer quis auctor elit sed. Neque gravida in fermentum et sollicitudin ac orci phasellus. Egestas quis ipsum suspendisse ultrices gravida dictum fusce ut. Mollis nunc sed id semper risus in. Tellus elementum sagittis vitae et leo duis. Aliquet lectus proin nibh nisl condimentum id. Magna fermentum iaculis eu non diam phasellus vestibulum lorem sed. Luctus venenatis lectus magna fringilla. Consectetur libero id faucibus nisl tincidunt eget nullam non. Vitae congue mauris rhoncus aenean vel. Nunc mattis enim ut tellus. Enim praesent elementum facilisis leo vel fringilla est. Ac orci phasellus egestas tellus rutrum tellus pellentesque. Lectus magna fringilla urna porttitor. Scelerisque felis imperdiet proin fermentum leo vel orci porta non.', '10.jpeg', 5, now(), now());

insert into annonce (ann_id, use_id, ann_nom, ann_prix, ann_description, ann_photo, ann_nombre_consultation, ann_create_at, ann_update_at)
values (11, 2, 'nom11', 25, 'Lorem ipsum dolor sit amet, consectetur adipiscing elit, sed do eiusmod tempor incididunt ut labore et dolore magna aliqua. Vel fringilla est ullamcorper eget nulla facilisi etiam dignissim diam. Egestas congue quisque egestas diam in arcu cursus. Sagittis nisl rhoncus mattis rhoncus urna neque. Amet consectetur adipiscing elit duis tristique. Neque gravida in fermentum et. Mollis nunc sed id semper risus in hendrerit. Malesuada fames ac turpis egestas integer eget aliquet nibh praesent. Integer enim neque volutpat ac tincidunt. Nulla aliquet porttitor lacus luctus accumsan. In fermentum et sollicitudin ac orci phasellus egestas tellus. Aliquet bibendum enim facilisis gravida neque convallis. Fusce ut placerat orci nulla pellentesque dignissim enim sit amet. Sed euismod nisi porta lorem mollis aliquam ut. Eget nulla facilisi etiam dignissim diam quis. Viverra mauris in aliquam sem fringilla ut morbi tincidunt. Tristique senectus et netus et. Consequat mauris nunc congue nisi vitae suscipit tellus. Augue neque gravida in fermentum et. Sed enim ut sem viverra aliquet eget sit amet. Pellentesque eu tincidunt tortor aliquam nulla facilisi cras fermentum. Enim eu turpis egestas pretium aenean. Aliquam purus sit amet luctus venenatis lectus magna. Vitae tempus quam pellentesque nec nam aliquam sem. Suscipit adipiscing bibendum est ultricies integer quis auctor elit sed. Neque gravida in fermentum et sollicitudin ac orci phasellus. Egestas quis ipsum suspendisse ultrices gravida dictum fusce ut. Mollis nunc sed id semper risus in. Tellus elementum sagittis vitae et leo duis. Aliquet lectus proin nibh nisl condimentum id. Magna fermentum iaculis eu non diam phasellus vestibulum lorem sed. Luctus venenatis lectus magna fringilla. Consectetur libero id faucibus nisl tincidunt eget nullam non. Vitae congue mauris rhoncus aenean vel. Nunc mattis enim ut tellus. Enim praesent elementum facilisis leo vel fringilla est. Ac orci phasellus egestas tellus rutrum tellus pellentesque. Lectus magna fringilla urna porttitor. Scelerisque felis imperdiet proin fermentum leo vel orci porta non.', '11.jpeg', 5, now(), now());

insert into annonce (ann_id, use_id, ann_nom, ann_prix, ann_description, ann_photo, ann_nombre_consultation, ann_create_at, ann_update_at)
values (12, 2, 'nom12', 26, 'Lorem ipsum dolor sit amet, consectetur adipiscing elit, sed do eiusmod tempor incididunt ut labore et dolore magna aliqua. Vel fringilla est ullamcorper eget nulla facilisi etiam dignissim diam. Egestas congue quisque egestas diam in arcu cursus. Sagittis nisl rhoncus mattis rhoncus urna neque. Amet consectetur adipiscing elit duis tristique. Neque gravida in fermentum et. Mollis nunc sed id semper risus in hendrerit. Malesuada fames ac turpis egestas integer eget aliquet nibh praesent. Integer enim neque volutpat ac tincidunt. Nulla aliquet porttitor lacus luctus accumsan. In fermentum et sollicitudin ac orci phasellus egestas tellus. Aliquet bibendum enim facilisis gravida neque convallis. Fusce ut placerat orci nulla pellentesque dignissim enim sit amet. Sed euismod nisi porta lorem mollis aliquam ut. Eget nulla facilisi etiam dignissim diam quis. Viverra mauris in aliquam sem fringilla ut morbi tincidunt. Tristique senectus et netus et. Consequat mauris nunc congue nisi vitae suscipit tellus. Augue neque gravida in fermentum et. Sed enim ut sem viverra aliquet eget sit amet. Pellentesque eu tincidunt tortor aliquam nulla facilisi cras fermentum. Enim eu turpis egestas pretium aenean. Aliquam purus sit amet luctus venenatis lectus magna. Vitae tempus quam pellentesque nec nam aliquam sem. Suscipit adipiscing bibendum est ultricies integer quis auctor elit sed. Neque gravida in fermentum et sollicitudin ac orci phasellus. Egestas quis ipsum suspendisse ultrices gravida dictum fusce ut. Mollis nunc sed id semper risus in. Tellus elementum sagittis vitae et leo duis. Aliquet lectus proin nibh nisl condimentum id. Magna fermentum iaculis eu non diam phasellus vestibulum lorem sed. Luctus venenatis lectus magna fringilla. Consectetur libero id faucibus nisl tincidunt eget nullam non. Vitae congue mauris rhoncus aenean vel. Nunc mattis enim ut tellus. Enim praesent elementum facilisis leo vel fringilla est. Ac orci phasellus egestas tellus rutrum tellus pellentesque. Lectus magna fringilla urna porttitor. Scelerisque felis imperdiet proin fermentum leo vel orci porta non.', '12.jpeg', 6, now(), now());

insert into annonce (ann_id, use_id, ann_nom, ann_prix, ann_description, ann_photo, ann_nombre_consultation, ann_create_at, ann_update_at)
values (13, 3, 'nom13', 27, 'Lorem ipsum dolor sit amet, consectetur adipiscing elit, sed do eiusmod tempor incididunt ut labore et dolore magna aliqua. Vel fringilla est ullamcorper eget nulla facilisi etiam dignissim diam. Egestas congue quisque egestas diam in arcu cursus. Sagittis nisl rhoncus mattis rhoncus urna neque. Amet consectetur adipiscing elit duis tristique. Neque gravida in fermentum et. Mollis nunc sed id semper risus in hendrerit. Malesuada fames ac turpis egestas integer eget aliquet nibh praesent. Integer enim neque volutpat ac tincidunt. Nulla aliquet porttitor lacus luctus accumsan. In fermentum et sollicitudin ac orci phasellus egestas tellus. Aliquet bibendum enim facilisis gravida neque convallis. Fusce ut placerat orci nulla pellentesque dignissim enim sit amet. Sed euismod nisi porta lorem mollis aliquam ut. Eget nulla facilisi etiam dignissim diam quis. Viverra mauris in aliquam sem fringilla ut morbi tincidunt. Tristique senectus et netus et. Consequat mauris nunc congue nisi vitae suscipit tellus. Augue neque gravida in fermentum et. Sed enim ut sem viverra aliquet eget sit amet. Pellentesque eu tincidunt tortor aliquam nulla facilisi cras fermentum. Enim eu turpis egestas pretium aenean. Aliquam purus sit amet luctus venenatis lectus magna. Vitae tempus quam pellentesque nec nam aliquam sem. Suscipit adipiscing bibendum est ultricies integer quis auctor elit sed. Neque gravida in fermentum et sollicitudin ac orci phasellus. Egestas quis ipsum suspendisse ultrices gravida dictum fusce ut. Mollis nunc sed id semper risus in. Tellus elementum sagittis vitae et leo duis. Aliquet lectus proin nibh nisl condimentum id. Magna fermentum iaculis eu non diam phasellus vestibulum lorem sed. Luctus venenatis lectus magna fringilla. Consectetur libero id faucibus nisl tincidunt eget nullam non. Vitae congue mauris rhoncus aenean vel. Nunc mattis enim ut tellus. Enim praesent elementum facilisis leo vel fringilla est. Ac orci phasellus egestas tellus rutrum tellus pellentesque. Lectus magna fringilla urna porttitor. Scelerisque felis imperdiet proin fermentum leo vel orci porta non.', '13.jpeg', 6, now(), now());

insert into annonce (ann_id, use_id, ann_nom, ann_prix, ann_description, ann_photo, ann_nombre_consultation, ann_create_at, ann_update_at)
values (14, 3, 'nom14', 28, 'Lorem ipsum dolor sit amet, consectetur adipiscing elit, sed do eiusmod tempor incididunt ut labore et dolore magna aliqua. Vel fringilla est ullamcorper eget nulla facilisi etiam dignissim diam. Egestas congue quisque egestas diam in arcu cursus. Sagittis nisl rhoncus mattis rhoncus urna neque. Amet consectetur adipiscing elit duis tristique. Neque gravida in fermentum et. Mollis nunc sed id semper risus in hendrerit. Malesuada fames ac turpis egestas integer eget aliquet nibh praesent. Integer enim neque volutpat ac tincidunt. Nulla aliquet porttitor lacus luctus accumsan. In fermentum et sollicitudin ac orci phasellus egestas tellus. Aliquet bibendum enim facilisis gravida neque convallis. Fusce ut placerat orci nulla pellentesque dignissim enim sit amet. Sed euismod nisi porta lorem mollis aliquam ut. Eget nulla facilisi etiam dignissim diam quis. Viverra mauris in aliquam sem fringilla ut morbi tincidunt. Tristique senectus et netus et. Consequat mauris nunc congue nisi vitae suscipit tellus. Augue neque gravida in fermentum et. Sed enim ut sem viverra aliquet eget sit amet. Pellentesque eu tincidunt tortor aliquam nulla facilisi cras fermentum. Enim eu turpis egestas pretium aenean. Aliquam purus sit amet luctus venenatis lectus magna. Vitae tempus quam pellentesque nec nam aliquam sem. Suscipit adipiscing bibendum est ultricies integer quis auctor elit sed. Neque gravida in fermentum et sollicitudin ac orci phasellus. Egestas quis ipsum suspendisse ultrices gravida dictum fusce ut. Mollis nunc sed id semper risus in. Tellus elementum sagittis vitae et leo duis. Aliquet lectus proin nibh nisl condimentum id. Magna fermentum iaculis eu non diam phasellus vestibulum lorem sed. Luctus venenatis lectus magna fringilla. Consectetur libero id faucibus nisl tincidunt eget nullam non. Vitae congue mauris rhoncus aenean vel. Nunc mattis enim ut tellus. Enim praesent elementum facilisis leo vel fringilla est. Ac orci phasellus egestas tellus rutrum tellus pellentesque. Lectus magna fringilla urna porttitor. Scelerisque felis imperdiet proin fermentum leo vel orci porta non.', '14.jpeg', 6, now(), now());

insert into annonce (ann_id, use_id, ann_nom, ann_prix, ann_description, ann_photo, ann_nombre_consultation, ann_create_at, ann_update_at)
values (15, 3, 'nom15', 29, 'Lorem ipsum dolor sit amet, consectetur adipiscing elit, sed do eiusmod tempor incididunt ut labore et dolore magna aliqua. Vel fringilla est ullamcorper eget nulla facilisi etiam dignissim diam. Egestas congue quisque egestas diam in arcu cursus. Sagittis nisl rhoncus mattis rhoncus urna neque. Amet consectetur adipiscing elit duis tristique. Neque gravida in fermentum et. Mollis nunc sed id semper risus in hendrerit. Malesuada fames ac turpis egestas integer eget aliquet nibh praesent. Integer enim neque volutpat ac tincidunt. Nulla aliquet porttitor lacus luctus accumsan. In fermentum et sollicitudin ac orci phasellus egestas tellus. Aliquet bibendum enim facilisis gravida neque convallis. Fusce ut placerat orci nulla pellentesque dignissim enim sit amet. Sed euismod nisi porta lorem mollis aliquam ut. Eget nulla facilisi etiam dignissim diam quis. Viverra mauris in aliquam sem fringilla ut morbi tincidunt. Tristique senectus et netus et. Consequat mauris nunc congue nisi vitae suscipit tellus. Augue neque gravida in fermentum et. Sed enim ut sem viverra aliquet eget sit amet. Pellentesque eu tincidunt tortor aliquam nulla facilisi cras fermentum. Enim eu turpis egestas pretium aenean. Aliquam purus sit amet luctus venenatis lectus magna. Vitae tempus quam pellentesque nec nam aliquam sem. Suscipit adipiscing bibendum est ultricies integer quis auctor elit sed. Neque gravida in fermentum et sollicitudin ac orci phasellus. Egestas quis ipsum suspendisse ultrices gravida dictum fusce ut. Mollis nunc sed id semper risus in. Tellus elementum sagittis vitae et leo duis. Aliquet lectus proin nibh nisl condimentum id. Magna fermentum iaculis eu non diam phasellus vestibulum lorem sed. Luctus venenatis lectus magna fringilla. Consectetur libero id faucibus nisl tincidunt eget nullam non. Vitae congue mauris rhoncus aenean vel. Nunc mattis enim ut tellus. Enim praesent elementum facilisis leo vel fringilla est. Ac orci phasellus egestas tellus rutrum tellus pellentesque. Lectus magna fringilla urna porttitor. Scelerisque felis imperdiet proin fermentum leo vel orci porta non.', '15.jpeg', 7, now(), now());

insert into annonce (ann_id, use_id, ann_nom, ann_prix, ann_description, ann_photo, ann_nombre_consultation, ann_create_at, ann_update_at)
values (16, 3, 'nom16', 30, 'Lorem ipsum dolor sit amet, consectetur adipiscing elit, sed do eiusmod tempor incididunt ut labore et dolore magna aliqua. Vel fringilla est ullamcorper eget nulla facilisi etiam dignissim diam. Egestas congue quisque egestas diam in arcu cursus. Sagittis nisl rhoncus mattis rhoncus urna neque. Amet consectetur adipiscing elit duis tristique. Neque gravida in fermentum et. Mollis nunc sed id semper risus in hendrerit. Malesuada fames ac turpis egestas integer eget aliquet nibh praesent. Integer enim neque volutpat ac tincidunt. Nulla aliquet porttitor lacus luctus accumsan. In fermentum et sollicitudin ac orci phasellus egestas tellus. Aliquet bibendum enim facilisis gravida neque convallis. Fusce ut placerat orci nulla pellentesque dignissim enim sit amet. Sed euismod nisi porta lorem mollis aliquam ut. Eget nulla facilisi etiam dignissim diam quis. Viverra mauris in aliquam sem fringilla ut morbi tincidunt. Tristique senectus et netus et. Consequat mauris nunc congue nisi vitae suscipit tellus. Augue neque gravida in fermentum et. Sed enim ut sem viverra aliquet eget sit amet. Pellentesque eu tincidunt tortor aliquam nulla facilisi cras fermentum. Enim eu turpis egestas pretium aenean. Aliquam purus sit amet luctus venenatis lectus magna. Vitae tempus quam pellentesque nec nam aliquam sem. Suscipit adipiscing bibendum est ultricies integer quis auctor elit sed. Neque gravida in fermentum et sollicitudin ac orci phasellus. Egestas quis ipsum suspendisse ultrices gravida dictum fusce ut. Mollis nunc sed id semper risus in. Tellus elementum sagittis vitae et leo duis. Aliquet lectus proin nibh nisl condimentum id. Magna fermentum iaculis eu non diam phasellus vestibulum lorem sed. Luctus venenatis lectus magna fringilla. Consectetur libero id faucibus nisl tincidunt eget nullam non. Vitae congue mauris rhoncus aenean vel. Nunc mattis enim ut tellus. Enim praesent elementum facilisis leo vel fringilla est. Ac orci phasellus egestas tellus rutrum tellus pellentesque. Lectus magna fringilla urna porttitor. Scelerisque felis imperdiet proin fermentum leo vel orci porta non.', '16.jpeg', 7, now(), now());

insert into annonce (ann_id, use_id, ann_nom, ann_prix, ann_description, ann_photo, ann_nombre_consultation, ann_create_at, ann_update_at)
values (17, 3, 'nom17', 31, 'Lorem ipsum dolor sit amet, consectetur adipiscing elit, sed do eiusmod tempor incididunt ut labore et dolore magna aliqua. Vel fringilla est ullamcorper eget nulla facilisi etiam dignissim diam. Egestas congue quisque egestas diam in arcu cursus. Sagittis nisl rhoncus mattis rhoncus urna neque. Amet consectetur adipiscing elit duis tristique. Neque gravida in fermentum et. Mollis nunc sed id semper risus in hendrerit. Malesuada fames ac turpis egestas integer eget aliquet nibh praesent. Integer enim neque volutpat ac tincidunt. Nulla aliquet porttitor lacus luctus accumsan. In fermentum et sollicitudin ac orci phasellus egestas tellus. Aliquet bibendum enim facilisis gravida neque convallis. Fusce ut placerat orci nulla pellentesque dignissim enim sit amet. Sed euismod nisi porta lorem mollis aliquam ut. Eget nulla facilisi etiam dignissim diam quis. Viverra mauris in aliquam sem fringilla ut morbi tincidunt. Tristique senectus et netus et. Consequat mauris nunc congue nisi vitae suscipit tellus. Augue neque gravida in fermentum et. Sed enim ut sem viverra aliquet eget sit amet. Pellentesque eu tincidunt tortor aliquam nulla facilisi cras fermentum. Enim eu turpis egestas pretium aenean. Aliquam purus sit amet luctus venenatis lectus magna. Vitae tempus quam pellentesque nec nam aliquam sem. Suscipit adipiscing bibendum est ultricies integer quis auctor elit sed. Neque gravida in fermentum et sollicitudin ac orci phasellus. Egestas quis ipsum suspendisse ultrices gravida dictum fusce ut. Mollis nunc sed id semper risus in. Tellus elementum sagittis vitae et leo duis. Aliquet lectus proin nibh nisl condimentum id. Magna fermentum iaculis eu non diam phasellus vestibulum lorem sed. Luctus venenatis lectus magna fringilla. Consectetur libero id faucibus nisl tincidunt eget nullam non. Vitae congue mauris rhoncus aenean vel. Nunc mattis enim ut tellus. Enim praesent elementum facilisis leo vel fringilla est. Ac orci phasellus egestas tellus rutrum tellus pellentesque. Lectus magna fringilla urna porttitor. Scelerisque felis imperdiet proin fermentum leo vel orci porta non.', '17.jpeg', 7, now(), now());

insert into annonce (ann_id, use_id, ann_nom, ann_prix, ann_description, ann_photo, ann_nombre_consultation, ann_create_at, ann_update_at)
values (18, 3, 'nom18', 32, 'Lorem ipsum dolor sit amet, consectetur adipiscing elit, sed do eiusmod tempor incididunt ut labore et dolore magna aliqua. Vel fringilla est ullamcorper eget nulla facilisi etiam dignissim diam. Egestas congue quisque egestas diam in arcu cursus. Sagittis nisl rhoncus mattis rhoncus urna neque. Amet consectetur adipiscing elit duis tristique. Neque gravida in fermentum et. Mollis nunc sed id semper risus in hendrerit. Malesuada fames ac turpis egestas integer eget aliquet nibh praesent. Integer enim neque volutpat ac tincidunt. Nulla aliquet porttitor lacus luctus accumsan. In fermentum et sollicitudin ac orci phasellus egestas tellus. Aliquet bibendum enim facilisis gravida neque convallis. Fusce ut placerat orci nulla pellentesque dignissim enim sit amet. Sed euismod nisi porta lorem mollis aliquam ut. Eget nulla facilisi etiam dignissim diam quis. Viverra mauris in aliquam sem fringilla ut morbi tincidunt. Tristique senectus et netus et. Consequat mauris nunc congue nisi vitae suscipit tellus. Augue neque gravida in fermentum et. Sed enim ut sem viverra aliquet eget sit amet. Pellentesque eu tincidunt tortor aliquam nulla facilisi cras fermentum. Enim eu turpis egestas pretium aenean. Aliquam purus sit amet luctus venenatis lectus magna. Vitae tempus quam pellentesque nec nam aliquam sem. Suscipit adipiscing bibendum est ultricies integer quis auctor elit sed. Neque gravida in fermentum et sollicitudin ac orci phasellus. Egestas quis ipsum suspendisse ultrices gravida dictum fusce ut. Mollis nunc sed id semper risus in. Tellus elementum sagittis vitae et leo duis. Aliquet lectus proin nibh nisl condimentum id. Magna fermentum iaculis eu non diam phasellus vestibulum lorem sed. Luctus venenatis lectus magna fringilla. Consectetur libero id faucibus nisl tincidunt eget nullam non. Vitae congue mauris rhoncus aenean vel. Nunc mattis enim ut tellus. Enim praesent elementum facilisis leo vel fringilla est. Ac orci phasellus egestas tellus rutrum tellus pellentesque. Lectus magna fringilla urna porttitor. Scelerisque felis imperdiet proin fermentum leo vel orci porta non.', '18.jpeg', 8, now(), now());

insert into annonce (ann_id, use_id, ann_nom, ann_prix, ann_description, ann_photo, ann_nombre_consultation, ann_create_at, ann_update_at)
values (19, 4, 'nom19', 33, 'Lorem ipsum dolor sit amet, consectetur adipiscing elit, sed do eiusmod tempor incididunt ut labore et dolore magna aliqua. Vel fringilla est ullamcorper eget nulla facilisi etiam dignissim diam. Egestas congue quisque egestas diam in arcu cursus. Sagittis nisl rhoncus mattis rhoncus urna neque. Amet consectetur adipiscing elit duis tristique. Neque gravida in fermentum et. Mollis nunc sed id semper risus in hendrerit. Malesuada fames ac turpis egestas integer eget aliquet nibh praesent. Integer enim neque volutpat ac tincidunt. Nulla aliquet porttitor lacus luctus accumsan. In fermentum et sollicitudin ac orci phasellus egestas tellus. Aliquet bibendum enim facilisis gravida neque convallis. Fusce ut placerat orci nulla pellentesque dignissim enim sit amet. Sed euismod nisi porta lorem mollis aliquam ut. Eget nulla facilisi etiam dignissim diam quis. Viverra mauris in aliquam sem fringilla ut morbi tincidunt. Tristique senectus et netus et. Consequat mauris nunc congue nisi vitae suscipit tellus. Augue neque gravida in fermentum et. Sed enim ut sem viverra aliquet eget sit amet. Pellentesque eu tincidunt tortor aliquam nulla facilisi cras fermentum. Enim eu turpis egestas pretium aenean. Aliquam purus sit amet luctus venenatis lectus magna. Vitae tempus quam pellentesque nec nam aliquam sem. Suscipit adipiscing bibendum est ultricies integer quis auctor elit sed. Neque gravida in fermentum et sollicitudin ac orci phasellus. Egestas quis ipsum suspendisse ultrices gravida dictum fusce ut. Mollis nunc sed id semper risus in. Tellus elementum sagittis vitae et leo duis. Aliquet lectus proin nibh nisl condimentum id. Magna fermentum iaculis eu non diam phasellus vestibulum lorem sed. Luctus venenatis lectus magna fringilla. Consectetur libero id faucibus nisl tincidunt eget nullam non. Vitae congue mauris rhoncus aenean vel. Nunc mattis enim ut tellus. Enim praesent elementum facilisis leo vel fringilla est. Ac orci phasellus egestas tellus rutrum tellus pellentesque. Lectus magna fringilla urna porttitor. Scelerisque felis imperdiet proin fermentum leo vel orci porta non.', '19.jpeg', 8, now(), now());

insert into annonce (ann_id, use_id, ann_nom, ann_prix, ann_description, ann_photo, ann_nombre_consultation, ann_create_at, ann_update_at)
values (20, 4, 'nom20', 34, 'Lorem ipsum dolor sit amet, consectetur adipiscing elit, sed do eiusmod tempor incididunt ut labore et dolore magna aliqua. Vel fringilla est ullamcorper eget nulla facilisi etiam dignissim diam. Egestas congue quisque egestas diam in arcu cursus. Sagittis nisl rhoncus mattis rhoncus urna neque. Amet consectetur adipiscing elit duis tristique. Neque gravida in fermentum et. Mollis nunc sed id semper risus in hendrerit. Malesuada fames ac turpis egestas integer eget aliquet nibh praesent. Integer enim neque volutpat ac tincidunt. Nulla aliquet porttitor lacus luctus accumsan. In fermentum et sollicitudin ac orci phasellus egestas tellus. Aliquet bibendum enim facilisis gravida neque convallis. Fusce ut placerat orci nulla pellentesque dignissim enim sit amet. Sed euismod nisi porta lorem mollis aliquam ut. Eget nulla facilisi etiam dignissim diam quis. Viverra mauris in aliquam sem fringilla ut morbi tincidunt. Tristique senectus et netus et. Consequat mauris nunc congue nisi vitae suscipit tellus. Augue neque gravida in fermentum et. Sed enim ut sem viverra aliquet eget sit amet. Pellentesque eu tincidunt tortor aliquam nulla facilisi cras fermentum. Enim eu turpis egestas pretium aenean. Aliquam purus sit amet luctus venenatis lectus magna. Vitae tempus quam pellentesque nec nam aliquam sem. Suscipit adipiscing bibendum est ultricies integer quis auctor elit sed. Neque gravida in fermentum et sollicitudin ac orci phasellus. Egestas quis ipsum suspendisse ultrices gravida dictum fusce ut. Mollis nunc sed id semper risus in. Tellus elementum sagittis vitae et leo duis. Aliquet lectus proin nibh nisl condimentum id. Magna fermentum iaculis eu non diam phasellus vestibulum lorem sed. Luctus venenatis lectus magna fringilla. Consectetur libero id faucibus nisl tincidunt eget nullam non. Vitae congue mauris rhoncus aenean vel. Nunc mattis enim ut tellus. Enim praesent elementum facilisis leo vel fringilla est. Ac orci phasellus egestas tellus rutrum tellus pellentesque. Lectus magna fringilla urna porttitor. Scelerisque felis imperdiet proin fermentum leo vel orci porta non.', '20.jpeg', 8, now(), now());

insert into annonce (ann_id, use_id, ann_nom, ann_prix, ann_description, ann_photo, ann_nombre_consultation, ann_create_at, ann_update_at)
values (21, 4, 'nom21', 35, 'Lorem ipsum dolor sit amet, consectetur adipiscing elit, sed do eiusmod tempor incididunt ut labore et dolore magna aliqua. Vel fringilla est ullamcorper eget nulla facilisi etiam dignissim diam. Egestas congue quisque egestas diam in arcu cursus. Sagittis nisl rhoncus mattis rhoncus urna neque. Amet consectetur adipiscing elit duis tristique. Neque gravida in fermentum et. Mollis nunc sed id semper risus in hendrerit. Malesuada fames ac turpis egestas integer eget aliquet nibh praesent. Integer enim neque volutpat ac tincidunt. Nulla aliquet porttitor lacus luctus accumsan. In fermentum et sollicitudin ac orci phasellus egestas tellus. Aliquet bibendum enim facilisis gravida neque convallis. Fusce ut placerat orci nulla pellentesque dignissim enim sit amet. Sed euismod nisi porta lorem mollis aliquam ut. Eget nulla facilisi etiam dignissim diam quis. Viverra mauris in aliquam sem fringilla ut morbi tincidunt. Tristique senectus et netus et. Consequat mauris nunc congue nisi vitae suscipit tellus. Augue neque gravida in fermentum et. Sed enim ut sem viverra aliquet eget sit amet. Pellentesque eu tincidunt tortor aliquam nulla facilisi cras fermentum. Enim eu turpis egestas pretium aenean. Aliquam purus sit amet luctus venenatis lectus magna. Vitae tempus quam pellentesque nec nam aliquam sem. Suscipit adipiscing bibendum est ultricies integer quis auctor elit sed. Neque gravida in fermentum et sollicitudin ac orci phasellus. Egestas quis ipsum suspendisse ultrices gravida dictum fusce ut. Mollis nunc sed id semper risus in. Tellus elementum sagittis vitae et leo duis. Aliquet lectus proin nibh nisl condimentum id. Magna fermentum iaculis eu non diam phasellus vestibulum lorem sed. Luctus venenatis lectus magna fringilla. Consectetur libero id faucibus nisl tincidunt eget nullam non. Vitae congue mauris rhoncus aenean vel. Nunc mattis enim ut tellus. Enim praesent elementum facilisis leo vel fringilla est. Ac orci phasellus egestas tellus rutrum tellus pellentesque. Lectus magna fringilla urna porttitor. Scelerisque felis imperdiet proin fermentum leo vel orci porta non.', '21.jpeg', 9, now(), now());

insert into annonce (ann_id, use_id, ann_nom, ann_prix, ann_description, ann_photo, ann_nombre_consultation, ann_create_at, ann_update_at)
values (22, 4, 'nom22', 36, 'Lorem ipsum dolor sit amet, consectetur adipiscing elit, sed do eiusmod tempor incididunt ut labore et dolore magna aliqua. Vel fringilla est ullamcorper eget nulla facilisi etiam dignissim diam. Egestas congue quisque egestas diam in arcu cursus. Sagittis nisl rhoncus mattis rhoncus urna neque. Amet consectetur adipiscing elit duis tristique. Neque gravida in fermentum et. Mollis nunc sed id semper risus in hendrerit. Malesuada fames ac turpis egestas integer eget aliquet nibh praesent. Integer enim neque volutpat ac tincidunt. Nulla aliquet porttitor lacus luctus accumsan. In fermentum et sollicitudin ac orci phasellus egestas tellus. Aliquet bibendum enim facilisis gravida neque convallis. Fusce ut placerat orci nulla pellentesque dignissim enim sit amet. Sed euismod nisi porta lorem mollis aliquam ut. Eget nulla facilisi etiam dignissim diam quis. Viverra mauris in aliquam sem fringilla ut morbi tincidunt. Tristique senectus et netus et. Consequat mauris nunc congue nisi vitae suscipit tellus. Augue neque gravida in fermentum et. Sed enim ut sem viverra aliquet eget sit amet. Pellentesque eu tincidunt tortor aliquam nulla facilisi cras fermentum. Enim eu turpis egestas pretium aenean. Aliquam purus sit amet luctus venenatis lectus magna. Vitae tempus quam pellentesque nec nam aliquam sem. Suscipit adipiscing bibendum est ultricies integer quis auctor elit sed. Neque gravida in fermentum et sollicitudin ac orci phasellus. Egestas quis ipsum suspendisse ultrices gravida dictum fusce ut. Mollis nunc sed id semper risus in. Tellus elementum sagittis vitae et leo duis. Aliquet lectus proin nibh nisl condimentum id. Magna fermentum iaculis eu non diam phasellus vestibulum lorem sed. Luctus venenatis lectus magna fringilla. Consectetur libero id faucibus nisl tincidunt eget nullam non. Vitae congue mauris rhoncus aenean vel. Nunc mattis enim ut tellus. Enim praesent elementum facilisis leo vel fringilla est. Ac orci phasellus egestas tellus rutrum tellus pellentesque. Lectus magna fringilla urna porttitor. Scelerisque felis imperdiet proin fermentum leo vel orci porta non.', '22.jpeg', 9, now(), now());

insert into annonce (ann_id, use_id, ann_nom, ann_prix, ann_description, ann_photo, ann_nombre_consultation, ann_create_at, ann_update_at)
values (23, 4, 'nom23', 37, 'Lorem ipsum dolor sit amet, consectetur adipiscing elit, sed do eiusmod tempor incididunt ut labore et dolore magna aliqua. Vel fringilla est ullamcorper eget nulla facilisi etiam dignissim diam. Egestas congue quisque egestas diam in arcu cursus. Sagittis nisl rhoncus mattis rhoncus urna neque. Amet consectetur adipiscing elit duis tristique. Neque gravida in fermentum et. Mollis nunc sed id semper risus in hendrerit. Malesuada fames ac turpis egestas integer eget aliquet nibh praesent. Integer enim neque volutpat ac tincidunt. Nulla aliquet porttitor lacus luctus accumsan. In fermentum et sollicitudin ac orci phasellus egestas tellus. Aliquet bibendum enim facilisis gravida neque convallis. Fusce ut placerat orci nulla pellentesque dignissim enim sit amet. Sed euismod nisi porta lorem mollis aliquam ut. Eget nulla facilisi etiam dignissim diam quis. Viverra mauris in aliquam sem fringilla ut morbi tincidunt. Tristique senectus et netus et. Consequat mauris nunc congue nisi vitae suscipit tellus. Augue neque gravida in fermentum et. Sed enim ut sem viverra aliquet eget sit amet. Pellentesque eu tincidunt tortor aliquam nulla facilisi cras fermentum. Enim eu turpis egestas pretium aenean. Aliquam purus sit amet luctus venenatis lectus magna. Vitae tempus quam pellentesque nec nam aliquam sem. Suscipit adipiscing bibendum est ultricies integer quis auctor elit sed. Neque gravida in fermentum et sollicitudin ac orci phasellus. Egestas quis ipsum suspendisse ultrices gravida dictum fusce ut. Mollis nunc sed id semper risus in. Tellus elementum sagittis vitae et leo duis. Aliquet lectus proin nibh nisl condimentum id. Magna fermentum iaculis eu non diam phasellus vestibulum lorem sed. Luctus venenatis lectus magna fringilla. Consectetur libero id faucibus nisl tincidunt eget nullam non. Vitae congue mauris rhoncus aenean vel. Nunc mattis enim ut tellus. Enim praesent elementum facilisis leo vel fringilla est. Ac orci phasellus egestas tellus rutrum tellus pellentesque. Lectus magna fringilla urna porttitor. Scelerisque felis imperdiet proin fermentum leo vel orci porta non.', '23.jpeg', 10, now(), now());

insert into annonce (ann_id, use_id, ann_nom, ann_prix, ann_description, ann_photo, ann_nombre_consultation, ann_create_at, ann_update_at)
values (24, 4, 'nom24', 38, 'Lorem ipsum dolor sit amet, consectetur adipiscing elit, sed do eiusmod tempor incididunt ut labore et dolore magna aliqua. Vel fringilla est ullamcorper eget nulla facilisi etiam dignissim diam. Egestas congue quisque egestas diam in arcu cursus. Sagittis nisl rhoncus mattis rhoncus urna neque. Amet consectetur adipiscing elit duis tristique. Neque gravida in fermentum et. Mollis nunc sed id semper risus in hendrerit. Malesuada fames ac turpis egestas integer eget aliquet nibh praesent. Integer enim neque volutpat ac tincidunt. Nulla aliquet porttitor lacus luctus accumsan. In fermentum et sollicitudin ac orci phasellus egestas tellus. Aliquet bibendum enim facilisis gravida neque convallis. Fusce ut placerat orci nulla pellentesque dignissim enim sit amet. Sed euismod nisi porta lorem mollis aliquam ut. Eget nulla facilisi etiam dignissim diam quis. Viverra mauris in aliquam sem fringilla ut morbi tincidunt. Tristique senectus et netus et. Consequat mauris nunc congue nisi vitae suscipit tellus. Augue neque gravida in fermentum et. Sed enim ut sem viverra aliquet eget sit amet. Pellentesque eu tincidunt tortor aliquam nulla facilisi cras fermentum. Enim eu turpis egestas pretium aenean. Aliquam purus sit amet luctus venenatis lectus magna. Vitae tempus quam pellentesque nec nam aliquam sem. Suscipit adipiscing bibendum est ultricies integer quis auctor elit sed. Neque gravida in fermentum et sollicitudin ac orci phasellus. Egestas quis ipsum suspendisse ultrices gravida dictum fusce ut. Mollis nunc sed id semper risus in. Tellus elementum sagittis vitae et leo duis. Aliquet lectus proin nibh nisl condimentum id. Magna fermentum iaculis eu non diam phasellus vestibulum lorem sed. Luctus venenatis lectus magna fringilla. Consectetur libero id faucibus nisl tincidunt eget nullam non. Vitae congue mauris rhoncus aenean vel. Nunc mattis enim ut tellus. Enim praesent elementum facilisis leo vel fringilla est. Ac orci phasellus egestas tellus rutrum tellus pellentesque. Lectus magna fringilla urna porttitor. Scelerisque felis imperdiet proin fermentum leo vel orci porta non.', '24.jpeg', 10, now(), now());



/*==============================================================*/
/* Table : categorie                                            */
/*==============================================================*/
insert into categorie (cat_id, cat_libelle)
values (1, 'Informatique');
insert into categorie (cat_id, cat_libelle)
values (2, 'Electro-ménager');
insert into categorie (cat_id, cat_libelle)
values (3, 'Immobilier');


/*==============================================================*/
/* Table : favoris                                            	*/
/*==============================================================*/
insert into favoris (fav_id, ann_id, use_id)
values (1, 1, 1);
insert into favoris (fav_id, ann_id, use_id)
values (2, 2, 2);
insert into favoris (fav_id, ann_id, use_id)
values (3, 3, 3);
insert into favoris (fav_id, ann_id, use_id)
values (4, 4, 4);
insert into favoris (fav_id, ann_id, use_id)
values (5, 5, 1);
insert into favoris (fav_id, ann_id, use_id)
values (6, 6, 2);
insert into favoris (fav_id, ann_id, use_id)
values (7, 7, 3);
insert into favoris (fav_id, ann_id, use_id)
values (8, 8, 4);
insert into favoris (fav_id, ann_id, use_id)
values (9, 9, 1);
insert into favoris (fav_id, ann_id, use_id)
values (10, 10, 2);
insert into favoris (fav_id, ann_id, use_id)
values (11, 11, 3);
insert into favoris (fav_id, ann_id, use_id)
values (12, 12, 4);
insert into favoris (fav_id, ann_id, use_id)
values (13, 13, 1);
insert into favoris (fav_id, ann_id, use_id)
values (14, 14, 2);
insert into favoris (fav_id, ann_id, use_id)
values (15, 15, 3);
insert into favoris (fav_id, ann_id, use_id)
values (16, 16, 4);
insert into favoris (fav_id, ann_id, use_id)
values (17, 17, 1);
insert into favoris (fav_id, ann_id, use_id)
values (18, 18, 2);
insert into favoris (fav_id, ann_id, use_id)
values (19, 19, 3);
insert into favoris (fav_id, ann_id, use_id)
values (20, 20, 4);
insert into favoris (fav_id, ann_id, use_id)
values (21, 21, 1);
insert into favoris (fav_id, ann_id, use_id)
values (22, 22, 2);
insert into favoris (fav_id, ann_id, use_id)
values (23, 23, 3);
insert into favoris (fav_id, ann_id, use_id)
values (24, 24, 4);



/*==============================================================*/
/* Table : conversation	                                            */
/*==============================================================*/
insert into conversation (ann_id, con_user_id, con_seller_id, con_create_at)
values (1, 2, 1, '2023-01-14 7:0:0');
insert into conversation (ann_id, con_user_id, con_seller_id, con_create_at)
values (1, 4, 1, '2023-01-14 7:20:0');
insert into conversation (ann_id, con_user_id, con_seller_id, con_create_at)
values (7, 3, 2, '2023-01-14 7:0:0');
insert into conversation (ann_id, con_user_id, con_seller_id, con_create_at)
values (7, 1, 2, '2023-01-14 7:0:0');


/*==============================================================*/
/* Table : message	                                            */
/*==============================================================*/
insert into message (con_id, mes_sender_id, use_receiver_id, mes_content, mes_create_at)
values (1, 2, 1, 'message envoyé user 2 / message reçu user 1', '2023-01-14 7:0:0');
insert into message (con_id, mes_sender_id, use_receiver_id, mes_content, mes_create_at)
values (1, 1, 2, 'message envoyé user 1 / message reçu user 2', '2023-01-18 8:26:0');
insert into message (con_id, mes_sender_id, use_receiver_id, mes_content, mes_create_at)
values (1, 2, 1, 'message envoyé user 2 / message reçu user 1', '2023-01-18 9:28:0');
insert into message (con_id, mes_sender_id, use_receiver_id, mes_content, mes_create_at)
values (2, 4, 1, 'message envoyé user 4 / message reçu user 1', '2023-01-20 7:0:0');
insert into message (con_id, mes_sender_id, use_receiver_id, mes_content, mes_create_at)
values (2, 1, 4, 'message envoyé user 1 / message reçu user 4', '2023-01-20 7:23:0');
insert into message (con_id, mes_sender_id, use_receiver_id, mes_content, mes_create_at)
values (4, 1, 2, 'message envoyé user 1 / message reçu user 2', '2023-01-20 7:27:0');
insert into message (con_id, mes_sender_id, use_receiver_id, mes_content, mes_create_at)
values (4, 2, 1, 'message envoyé user 2 / message reçu user 1', '2023-01-26 8:0:0');



/*==============================================================*/
/* Table : categorie_annonce                                    */
/*==============================================================*/
insert into categorie_annonce (ann_id, cat_id)
values (1, 1);
insert into categorie_annonce (ann_id, cat_id)
values (2, 1);
insert into categorie_annonce (ann_id, cat_id)
values (3, 1);
insert into categorie_annonce (ann_id, cat_id)
values (4, 1);
insert into categorie_annonce (ann_id, cat_id)
values (5, 1);
insert into categorie_annonce (ann_id, cat_id)
values (6, 1);
insert into categorie_annonce (ann_id, cat_id)
values (7, 1);
insert into categorie_annonce (ann_id, cat_id)
values (8, 1);
insert into categorie_annonce (ann_id, cat_id)
values (9, 2);
insert into categorie_annonce (ann_id, cat_id)
values (10, 2);
insert into categorie_annonce (ann_id, cat_id)
values (11, 2);
insert into categorie_annonce (ann_id, cat_id)
values (12, 2);
insert into categorie_annonce (ann_id, cat_id)
values (13, 2);
insert into categorie_annonce (ann_id, cat_id)
values (14, 2);
insert into categorie_annonce (ann_id, cat_id)
values (15, 2);
insert into categorie_annonce (ann_id, cat_id)
values (16, 2);
insert into categorie_annonce (ann_id, cat_id)
values (17, 3);
insert into categorie_annonce (ann_id, cat_id)
values (18, 3);
insert into categorie_annonce (ann_id, cat_id)
values (19, 3);
insert into categorie_annonce (ann_id, cat_id)
values (20, 3);
insert into categorie_annonce (ann_id, cat_id)
values (21, 3);
insert into categorie_annonce (ann_id, cat_id)
values (22, 3);
insert into categorie_annonce (ann_id, cat_id)
values (23, 3);
insert into categorie_annonce (ann_id, cat_id)
values (24, 3);